variable,importance,ecart_type
RECHARGE_FREQUENCY,0.06144674299770021,0.003128925358032948
revenu_cumule,0.04813889886338909,0.0034634751416082418
intensite_recharge,0.04385080102599459,0.004210099653228565
MONTHLY_CHARGE,0.037943138922963006,0.004184643357020878
jamais_recharge,0.008606279838148179,0.0022108841882254393
PLAN_NAME,0.007876929664109845,0.0019573565564770475
mois_creation,0.004414599936859509,0.003191635511986337
TENURE_MONTHS,0.0020989628394310067,0.002521358227674792
anciennete_jours,0.0014078906462754227,0.002035231889320732
tranche_age,0.0010954009387545538,0.000663400795555717
GENDER,-5.402296357516212e-05,0.0002935822319812403
AGE,-0.0003529768058730731,0.00045597579845160064
REGION,-0.0009422488494513437,0.0011962819833264823
