t,survie,bas,haut,forfait
0.0,1.0,1.0,1.0,Blue One L
61.0,0.9894419306184009,0.9857401114590356,0.9921865787607161,Blue One L
62.0,0.9741075917546514,0.9686787898431946,0.978605846394726,Blue One L
63.0,0.954248366013072,0.9472854226923824,0.9603109407345618,Blue One L
64.0,0.9479638009049773,0.9405984680221805,0.9544381220172963,Blue One L
65.0,0.9409250879839126,0.9331419340337024,0.9478276661199195,Blue One L
66.0,0.9346405228758169,0.9265091604312697,0.9419006022880055,Blue One L
67.0,0.9291101055806944,0.9206891315838645,0.9366679614425009,Blue One L
68.0,0.9258421317244856,0.9172566902892442,0.933569275808604,Blue One L
69.0,0.9218200100553046,0.9130384115844438,0.9297492415482735,Blue One L
70.0,0.9185520361990952,0.9096158376840406,0.9266406844055336,Blue One L
71.0,0.9152840623428865,0.9061972961556687,0.9235280937632763,Blue One L
72.0,0.9100050276520876,0.9006830283066473,0.918492069681594,Blue One L
73.0,0.905731523378583,0.8962258670078908,0.9144085178284058,Blue One L
74.0,0.9017094017094024,0.8920360698034397,0.9105599967735507,Blue One L
75.0,0.8979386626445461,0.8881124472772647,0.9069476962750814,Blue One L
76.0,0.8929110105580692,0.8828870859977247,0.9021251611705398,Blue One L
77.0,0.888386123680242,0.8781899299872596,0.8977792117989406,Blue One L
78.0,0.8846153846153849,0.8742795222069089,0.8941536996669481,Blue One L
79.0,0.8810960281548514,0.8706328564084194,0.8907668413906381,Blue One L
80.0,0.8755656108597296,0.8649080545591368,0.8854389651435286,Blue One L
81.0,0.870537958773254,0.859709415805514,0.8805897177728134,Blue One L
82.0,0.8657616892911022,0.8547755066396112,0.8759781380725193,Blue One L
83.0,0.8619909502262447,0.8508834760438996,0.8723342585761704,Blue One L
84.0,0.8564605329311209,0.8451799955400887,0.866985074615234,Blue One L
85.0,0.8524384112619406,0.8410354786863992,0.8630912929130337,Blue One L
86.0,0.8461538461538466,0.8345652624448691,0.8570016727431501,Blue One L
87.0,0.8406234288587237,0.8288768756316209,0.8516374088589334,Blue One L
88.0,0.836098541980895,0.8242263467681675,0.8472448637439125,Blue One L
89.0,0.8300653594771242,0.8180304917854563,0.8413832923471902,Blue One L
90.0,0.8237807943690307,0.8115821390817769,0.835271832914133,Blue One L
91.0,0.8132227249874318,0.8007612614413719,0.8249922428746519,Blue One L
92.0,0.8059326294620414,0.793298289371511,0.8178858570647638,Blue One L
93.0,0.8019105077928612,0.7891836594232994,0.813962225153025,Blue One L
94.0,0.794871794871795,0.7819878006983898,0.8070911335948148,Blue One L
95.0,0.7890899949723478,0.77608129536776,0.8014426517872907,Blue One L
96.0,0.7823026646556068,0.769152439352127,0.7948069667800743,Blue One L
97.0,0.778280542986426,0.7650488623908941,0.7908723019249589,Blue One L
98.0,0.7742584213172451,0.7609470371428774,0.7869358889183152,Blue One L
99.0,0.7674710910005035,0.754029087403011,0.7802893197965302,Blue One L
100.0,0.7634489693313233,0.7499318095730241,0.7763483691505223,Blue One L
101.0,0.7581699346405235,0.7445566114988642,0.771173397993245,Blue One L
102.0,0.7551533433886385,0.7414863111362726,0.7682150331318299,Blue One L
103.0,0.7511312217194569,0.7373939578444069,0.7642691694513235,Blue One L
104.0,0.7488687782805432,0.7350926937564624,0.7620489381765689,Blue One L
105.0,0.7448466566113628,0.7310027581874514,0.7581006627885918,Blue One L
106.0,0.7408245349421823,0.7269143389785115,0.7541508749420253,Blue One L
107.0,0.7388134741075922,0.7248706907867052,0.752175421081727,Blue One L
108.0,0.7332830568124692,0.7192525607015103,0.7467410256460025,Blue One L
109.0,0.7282554047259934,0.7141475546705464,0.7417982877918613,Blue One L
110.0,0.7237305178481654,0.7095549572925399,0.7373479211058792,Blue One L
111.0,0.721468074409251,0.7072593274146474,0.7351220709007047,Blue One L
112.0,0.7176973353443948,0.7034342569326091,0.7314113441567689,Blue One L
113.0,0.7154348919054805,0.7011397969746684,0.7291843275385201,Blue One L
114.0,0.7109100050276522,0.6965521727220437,0.7247290026316943,Blue One L
115.0,0.7061337355455009,0.6917115323944202,0.7200243135658898,Blue One L
116.0,0.703117144293615,0.6886552537519017,0.7170519662340674,Blue One L
117.0,0.6990950226244349,0.6845813677622382,0.7130876880469458,Blue One L
118.0,0.6950729009552544,0.6805087847625364,0.7091221112390891,Blue One L
119.0,0.6910507792860735,0.6764374902311814,0.705155250374944,Blue One L
120.0,0.6855203619909508,0.6708415385205747,0.6996987457002871,Blue One L
121.0,0.6797385620915039,0.6649937642438227,0.6939916883404147,Blue One L
122.0,0.6767219708396184,0.6619437694784748,0.6910130790433453,Blue One L
123.0,0.6719457013574663,0.6571160228992212,0.6862955411712925,Blue One L
124.0,0.66817496229261,0.6533058553700574,0.6825699624626183,Blue One L
125.0,0.6628959276018104,0.647973397606625,0.6773523824560406,Blue One L
126.0,0.6598793363499249,0.6449272012992879,0.6743699894352109,Blue One L
127.0,0.6573655103066868,0.6423892128538625,0.6718841555048735,Blue One L
128.0,0.6533433886375067,0.6383293864211536,0.6679058700705365,Blue One L
129.0,0.6505781799899448,0.6355389333020275,0.6651701241113377,Blue One L
130.0,0.6468074409250886,0.6317346534425418,0.6614386817038296,Blue One L
131.0,0.642533936651584,0.6274243600406558,0.6572084951458417,Blue One L
132.0,0.6382604323780797,0.6231153569000283,0.6529770239898084,Blue One L
133.0,0.6347410759175466,0.6195677278273422,0.6494913255838795,Blue One L
134.0,0.6312217194570141,0.6160209616848651,0.6460047681639272,Blue One L
135.0,0.6274509803921574,0.6122218068325438,0.6422682235845971,Blue One L
136.0,0.6239316239316243,0.6086768119835837,0.6387799030942212,Blue One L
137.0,0.6201608848667676,0.6048795437471757,0.6350414807908759,Blue One L
138.0,0.6166415284062348,0.6013362996828698,0.6315514178919688,Blue One L
139.0,0.6111111111111113,0.5957700368547727,0.6260653495036709,Blue One L
140.0,0.605832076420312,0.5904587021970981,0.620826741213412,Blue One L
141.0,0.6020613373554552,0.5866660300941051,0.6170837455814231,Blue One L
142.0,0.5990447461035697,0.5836325718720594,0.6140886731315393,Blue One L
143.0,0.5945198592257418,0.5790835116808473,0.609594943232925,Blue One L
144.0,0.5910005027652088,0.5755462847631182,0.6060988939272112,Blue One L
145.0,0.5877325289089996,0.5722624431984321,0.6028518400644983,Blue One L
146.0,0.5857214680744095,0.5702419641249626,0.6008533084595497,Blue One L
147.0,0.5834590246354957,0.567969239891419,0.5986046474147669,Blue One L
148.0,0.57843137254902,0.5629199308909906,0.5936064402059467,Blue One L
149.0,0.5744092508798392,0.5588816604324904,0.5896067043498524,Blue One L
150.0,0.5706385118149825,0.5550967280810729,0.585856011214433,Blue One L
151.0,0.5661136249371549,0.5505560136241056,0.5813539821054734,Blue One L
152.0,0.5628456510809454,0.5472774232461397,0.5781017069423044,Blue One L
153.0,0.5590749120160888,0.5434952806773145,0.5743482404937209,Blue One L
154.0,0.554047259929613,0.5384538303627757,0.5693422206606397,Blue One L
155.0,0.5487682252388136,0.5331620320258812,0.5640841859880964,Blue One L
156.0,0.5432378079436904,0.5276201319454011,0.5585738919303125,Blue One L
157.0,0.5399698340874817,0.524346278853754,0.5553169088175915,Blue One L
158.0,0.5359477124183009,0.5203178432191129,0.551307398174114,Blue One L
159.0,0.5309200603318254,0.5152837268074212,0.5462940911176402,Blue One L
160.0,0.5263951734539974,0.510754376376092,0.5417807694560016,Blue One L
161.0,0.5223730517848167,0.5067293626047242,0.5377678597542449,Blue One L
162.0,0.5188536953242839,0.5032083049573438,0.5342557400473182,Blue One L
163.0,0.5143288084464556,0.4986823672367746,0.5297390290594078,Blue One L
164.0,0.5090497737556562,0.4934037210760949,0.5244679297623882,Blue One L
165.0,0.5037339879531357,0.48808892892854727,0.5191595126066165,Blue One L
166.0,0.5008718630215837,0.48522556288509544,0.5163030691213716,Blue One L
167.0,0.499523258113071,0.48387495919925344,0.5149585147409377,Blue One L
168.0,0.4959591514415726,0.4803042366231033,0.5114064086967176,Blue One L
169.0,0.49287343273916456,0.4772111191680474,0.508332707242732,Blue One L
170.0,0.48918680752304855,0.47351522855570877,0.5046608583546438,Blue One L
171.0,0.4856863652509695,0.47000347451329116,0.5011769051285423,Blue One L
172.0,0.4795809426833898,0.463870619419638,0.49510779337141864,Blue One L
173.0,0.47282628151883516,0.4570760836942619,0.48840269030546035,Blue One L
174.0,0.46817444178498846,0.45239343070615834,0.4837883253881441,Blue One L
175.0,0.4637383865785709,0.44792531089091847,0.4793906911362707,Blue One L
176.0,0.4580830404007835,0.4422239227189319,0.4737894862428444,Blue One L
177.0,0.45376828648806017,0.43787343392984823,0.469516718991034,Blue One L
178.0,0.44825693078172746,0.4323145544843184,0.46406095337362624,Blue One L
179.0,0.44477907528428307,0.42880073192486695,0.46062412663392455,Blue One L
180.0,0.43820193553885933,0.4221408970493463,0.4541392099907146,Blue One L
181.0,0.43517985322479835,0.41907562445464575,0.4511647146078717,Blue One L
182.0,0.43199671950215096,0.4158399619600621,0.44803871518513155,Blue One L
183.0,0.429522511486675,0.41331443718493927,0.44561932029542817,Blue One L
184.0,0.42647984906764297,0.4102061062406311,0.4426466799794708,Blue One L
185.0,0.42332073907454953,0.4069738462645876,0.43956528584761473,Blue One L
186.0,0.4210839055787792,0.4046781043297482,0.4373905796287222,Blue One L
187.0,0.4175002127653426,0.40098700064252857,0.4339194467302151,Blue One L
188.0,0.4149427842032274,0.3983428449629758,0.43145242959769226,Blue One L
189.0,0.4149427842032274,0.3983428449629758,0.43145242959769226,Blue One L
190.0,0.41130930973559837,0.3945536664721864,0.42797975753247997,Blue One L
191.0,0.40760382045870097,0.3906891869148629,0.42443874455567177,Blue One L
192.0,0.4060829106808701,0.3891014188687315,0.42298701680755574,Blue One L
193.0,0.40042039997416484,0.38316877652163517,0.41760358797652314,Blue One L
194.0,0.3960868458618906,0.37861172726405246,0.41350081062970423,Blue One L
195.0,0.3904419026904622,0.37264604431290893,0.40818672051719523,Blue One L
196.0,0.3883705928618654,0.3704408915151222,0.4062531342655571,Blue One L
197.0,0.3860793209275772,0.36797844704948374,0.40413740147973753,Blue One L
198.0,0.3837394462552891,0.3654623787195882,0.4019784026393959,Blue One L
199.0,0.38127957801006296,0.36280704153699767,0.3997191467370876,Blue One L
200.0,0.37434722204624354,0.355245581575967,0.393431804318974,Blue One L
201.0,0.37434722204624354,0.355245581575967,0.393431804318974,Blue One L
202.0,0.37434722204624354,0.355245581575967,0.393431804318974,Blue One L
203.0,0.36416090307899884,0.3431497248031387,0.3851846147358212,Blue One L
204.0,0.35997514557234356,0.33767376554869544,0.38230637055940936,Blue One L
205.0,0.35997514557234356,0.33767376554869544,0.38230637055940936,Blue One L
206.0,0.35435053392277577,0.3298481984994136,0.3789148684755131,Blue One L
207.0,0.3475361005781069,0.3201482556549503,0.3750416843208902,Blue One L
208.0,0.3475361005781069,0.3201482556549503,0.3750416843208902,Blue One L
209.0,0.3475361005781069,0.3201482556549503,0.3750416843208902,Blue One L
0.0,1.0,1.0,1.0,Blue One M
60.0,0.9998832048586775,0.9991711582094156,0.9999835470028288,Blue One M
61.0,0.9873861247372113,0.9847880392113566,0.9895428352935769,Blue One M
62.0,0.9712683952347592,0.9675066748371549,0.9746003584656304,Blue One M
63.0,0.9488437281009119,0.9439641170492925,0.9533089965233648,Blue One M
64.0,0.9387993459472085,0.9335133406547932,0.9436778652850268,Blue One M
65.0,0.9309740714786265,0.9253988770547489,0.9361471166561379,Blue One M
66.0,0.9247839289885545,0.9189942272745193,0.9301757020563725,Blue One M
67.0,0.9170754496612951,0.9110339386209387,0.9227242882279318,Blue One M
68.0,0.9096005606166795,0.903329214890748,0.9154843322155856,Blue One M
69.0,0.9023592618547076,0.8958772383170819,0.9084586524366013,Blue One M
70.0,0.8962859145059567,0.8896354174534495,0.9025579248526848,Blue One M
71.0,0.8912637234291056,0.8844791349449185,0.8976732554414288,Blue One M
72.0,0.8856575566456436,0.8787284955309405,0.8922153922593901,Blue One M
73.0,0.8794674141555716,0.8723848115096117,0.8861830237893548,Blue One M
74.0,0.8744452230787209,0.8672423828206939,0.881284506235087,Blue One M
75.0,0.867665671823734,0.8603061269283293,0.8746662839441653,Blue One M
76.0,0.8627364200698313,0.8552662504881513,0.869850962906453,Blue One M
77.0,0.8565900583978717,0.8489850144243294,0.863843484393282,Blue One M
78.0,0.8502819754334309,0.8425420896512809,0.8576742632036621,Blue One M
79.0,0.8451540476713492,0.837307798185872,0.852655966971006,Blue One M
80.0,0.841085053389159,0.8331561489114252,0.8486722005675192,Blue One M
81.0,0.8359013559123436,0.8278687209650567,0.8435954403183462,Blue One M
82.0,0.8294554411933917,0.8212962445835674,0.8372799820317347,Blue One M
83.0,0.8241917776793249,0.8159315371574022,0.8321205064393125,Blue One M
84.0,0.8185076964539498,0.8101400144295363,0.8265471871073204,Blue One M
85.0,0.8127734055558573,0.8042992074774171,0.8209227060246607,Blue One M
86.0,0.807277473506609,0.798703975971037,0.815529264117297,Blue One M
87.0,0.8021323815722433,0.7934678980360063,0.8104781435964771,Blue One M
88.0,0.7953175375500748,0.7865353019576254,0.8037850003481026,Blue One M
89.0,0.7877250073586666,0.778816049085061,0.7963236498486923,Blue One M
90.0,0.7780267892217387,0.7689611126919572,0.7867878331376319,Blue One M
91.0,0.7628042455095566,0.7535041623409744,0.771808649273846,Blue One M
92.0,0.7521320141272364,0.742676302342186,0.7612984011958981,Blue One M
93.0,0.7441763954586457,0.7346100451797749,0.7534582549194467,Blue One M
94.0,0.7352938265818355,0.7256092287266719,0.7446994249841545,Blue One M
95.0,0.7267622130995407,0.7169683867754989,0.736282361893559,Blue One M
96.0,0.7189504130316102,0.7090593332778364,0.7285726823743766,Blue One M
97.0,0.712135083837444,0.7021610024995799,0.7218445870066653,Blue One M
98.0,0.7041654385517059,0.69409614950109,0.7139750733375189,Blue One M
99.0,0.6962457962333036,0.686084005165651,0.7061528149954392,Blue One M
100.0,0.6904848972100973,0.6802578514621244,0.7004607543313246,Blue One M
101.0,0.6840098792194999,0.673711440468153,0.6940611871138727,Blue One M
102.0,0.6773690066057186,0.6669995368703789,0.6874955439456624,Blue One M
103.0,0.6709431509027148,0.6605061124231637,0.6811413134051705,Blue One M
104.0,0.6650180852303188,0.6545196392554194,0.6752813885687481,Blue One M
105.0,0.6604416166867976,0.6498956784460308,0.6707552652150567,Blue One M
106.0,0.6542164984234192,0.6436061978100741,0.6645983661779121,Blue One M
107.0,0.6472335337971511,0.6365532526741607,0.6576897603679479,Blue One M
108.0,0.6410708023486179,0.6303300697685356,0.6515913648359386,Blue One M
109.0,0.635558457545713,0.6247635574581194,0.6461366350726284,Blue One M
110.0,0.63072646166986,0.6198840176617252,0.6413551881054791,Blue One M
111.0,0.6259412144080472,0.6150503759472912,0.6366212502550748,Blue One M
112.0,0.6188228533647413,0.6078581886079371,0.6295809720366392,Blue One M
113.0,0.6138219387520439,0.6028048488027706,0.6246354504279349,Blue One M
114.0,0.6089593408744196,0.5978924197309385,0.6198256125185274,Blue One M
115.0,0.6037308195682807,0.5926110915258993,0.614653077657732,Blue One M
116.0,0.5983969194506146,0.5872223596462125,0.6093772249479302,Blue One M
117.0,0.5936138438740756,0.5823885273309605,0.604647744102719,Blue One M
118.0,0.5888677456257483,0.5775897902784312,0.5999570370912817,Blue One M
119.0,0.5834899579944629,0.572151403986836,0.5946429563228316,Blue One M
120.0,0.5774633011513269,0.5660562982685073,0.5886882454756696,Blue One M
121.0,0.5724962705265791,0.5610340947813338,0.5837793365538628,Blue One M
122.0,0.5683816289220109,0.5568732319847458,0.5797133630313681,Blue One M
123.0,0.5616518058461414,0.5500651130484924,0.5730658018098682,Blue One M
124.0,0.556329026359358,0.5446790360258543,0.567809462229367,Blue One M
125.0,0.5502087950462736,0.5384823861488205,0.5617692163182952,Blue One M
126.0,0.545599277342154,0.533813584326782,0.5572216675460449,Blue One M
127.0,0.5406215766762003,0.528768704993687,0.5523140091346757,Blue One M
128.0,0.5358257401089114,0.5239094596119253,0.5475844294789387,Blue One M
129.0,0.530087902694236,0.5180965301363863,0.5419251830171179,Blue One M
130.0,0.523274433507935,0.5111915356854454,0.5352074412865149,Blue One M
131.0,0.5174264849886241,0.5052628807392797,0.5294438544055127,Blue One M
132.0,0.5128453558111853,0.5006161074087306,0.5249312464226885,Blue One M
133.0,0.5076750473752591,0.49537065537912905,0.519839385419497,Blue One M
134.0,0.5025625091338163,0.4901795845980021,0.5148086427455542,Blue One M
135.0,0.498918865877538,0.4864794579994767,0.5112238567978947,Blue One M
136.0,0.4957427245563015,0.483253368575279,0.508099759985933,Blue One M
137.0,0.49215038597256006,0.47959975680090267,0.5045710164039044,Blue One M
138.0,0.4870267844991613,0.4743855737355235,0.49954134537643025,Blue One M
139.0,0.4835082285605761,0.47080257024390076,0.49608956643176305,Blue One M
140.0,0.479226688269717,0.46643714163884126,0.49189473161106984,Blue One M
141.0,0.4770021612021517,0.4641662566844165,0.4897180151117781,Blue One M
142.0,0.4721115033634419,0.4591708469788578,0.4849353580607932,Blue One M
143.0,0.4660328144789339,0.45295781375520805,0.47899519547299807,Blue One M
144.0,0.46211956183827124,0.4489515745112238,0.4751776478340709,Blue One M
145.0,0.45989068935352084,0.4466660711277876,0.47300694622869,Blue One M
146.0,0.45392324961277436,0.4405300409688161,0.4672121575562207,Blue One M
147.0,0.4505389196995382,0.43704192653325247,0.4639339383084288,Blue One M
148.0,0.4445684752998498,0.43086588177366014,0.45817316471950514,Blue One M
149.0,0.44078088445597463,0.4269462196083863,0.4545204212046738,Blue One M
150.0,0.4357776962101632,0.4217572863302981,0.4497067687448679,Blue One M
151.0,0.4318314557528911,0.417636796275943,0.4459376600357952,Blue One M
152.0,0.42731978382711466,0.4128855342136146,0.44166870385429224,Blue One M
153.0,0.4237045572295922,0.40904886929325374,0.4382773718598498,Blue One M
154.0,0.42286719644455356,0.4081488452194876,0.43750315796204015,Blue One M
155.0,0.4170612395139647,0.40182911462323845,0.4322140291624043,Blue One M
156.0,0.41303166232059324,0.3974434382306966,0.42854331718163413,Blue One M
157.0,0.4108748390186583,0.3950842160913517,0.4265904891163996,Blue One M
158.0,0.40319493548559926,0.3865476038193889,0.419773297701231,Blue One M
159.0,0.3974555057989717,0.3801227879602633,0.41472523489523466,Blue One M
160.0,0.39026174098813077,0.3718682368296359,0.4086011593078065,Blue One M
161.0,0.38541376905039,0.36606382014477756,0.40471660351062755,Blue One M
162.0,0.3729810668229579,0.3497130957137475,0.39622926197998554,Blue One M
163.0,0.36724289656414316,0.34177690623811147,0.3927126481145736,Blue One M
164.0,0.36724289656414316,0.34177690623811147,0.3927126481145736,Blue One M
0.0,1.0,1.0,1.0,Blue One S
2.0,1.0,1.0,1.0,Blue One S
3.0,1.0,1.0,1.0,Blue One S
4.0,1.0,1.0,1.0,Blue One S
5.0,1.0,1.0,1.0,Blue One S
6.0,1.0,1.0,1.0,Blue One S
7.0,1.0,1.0,1.0,Blue One S
8.0,1.0,1.0,1.0,Blue One S
9.0,1.0,1.0,1.0,Blue One S
10.0,1.0,1.0,1.0,Blue One S
11.0,1.0,1.0,1.0,Blue One S
12.0,1.0,1.0,1.0,Blue One S
13.0,1.0,1.0,1.0,Blue One S
14.0,1.0,1.0,1.0,Blue One S
15.0,1.0,1.0,1.0,Blue One S
16.0,1.0,1.0,1.0,Blue One S
17.0,1.0,1.0,1.0,Blue One S
18.0,1.0,1.0,1.0,Blue One S
19.0,1.0,1.0,1.0,Blue One S
20.0,1.0,1.0,1.0,Blue One S
21.0,1.0,1.0,1.0,Blue One S
22.0,1.0,1.0,1.0,Blue One S
23.0,1.0,1.0,1.0,Blue One S
24.0,1.0,1.0,1.0,Blue One S
25.0,1.0,1.0,1.0,Blue One S
26.0,1.0,1.0,1.0,Blue One S
27.0,1.0,1.0,1.0,Blue One S
28.0,1.0,1.0,1.0,Blue One S
29.0,1.0,1.0,1.0,Blue One S
30.0,1.0,1.0,1.0,Blue One S
31.0,1.0,1.0,1.0,Blue One S
32.0,1.0,1.0,1.0,Blue One S
33.0,1.0,1.0,1.0,Blue One S
34.0,1.0,1.0,1.0,Blue One S
35.0,1.0,1.0,1.0,Blue One S
36.0,1.0,1.0,1.0,Blue One S
37.0,1.0,1.0,1.0,Blue One S
38.0,1.0,1.0,1.0,Blue One S
39.0,1.0,1.0,1.0,Blue One S
40.0,1.0,1.0,1.0,Blue One S
41.0,1.0,1.0,1.0,Blue One S
42.0,1.0,1.0,1.0,Blue One S
43.0,1.0,1.0,1.0,Blue One S
44.0,1.0,1.0,1.0,Blue One S
45.0,1.0,1.0,1.0,Blue One S
46.0,1.0,1.0,1.0,Blue One S
47.0,1.0,1.0,1.0,Blue One S
48.0,1.0,1.0,1.0,Blue One S
49.0,1.0,1.0,1.0,Blue One S
50.0,1.0,1.0,1.0,Blue One S
51.0,1.0,1.0,1.0,Blue One S
52.0,1.0,1.0,1.0,Blue One S
53.0,1.0,1.0,1.0,Blue One S
54.0,1.0,1.0,1.0,Blue One S
55.0,1.0,1.0,1.0,Blue One S
56.0,1.0,1.0,1.0,Blue One S
57.0,1.0,1.0,1.0,Blue One S
58.0,1.0,1.0,1.0,Blue One S
59.0,1.0,1.0,1.0,Blue One S
60.0,1.0,1.0,1.0,Blue One S
61.0,0.9876543209876536,0.9155873861039018,0.9982516725883473,Blue One S
62.0,0.9572649572649568,0.872626690898228,0.9860972030974383,Blue One S
63.0,0.940470835207677,0.8481115025751015,0.9773944581879401,Blue One S
64.0,0.9212775528565003,0.819271816045975,0.96683596993647,Blue One S
65.0,0.9212775528565003,0.819271816045975,0.96683596993647,Blue One S
66.0,0.9212775528565003,0.819271816045975,0.96683596993647,Blue One S
67.0,0.9212775528565003,0.819271816045975,0.96683596993647,Blue One S
68.0,0.8993423730265837,0.7862595543031765,0.9542723424453432,Blue One S
70.0,0.8993423730265837,0.7862595543031765,0.9542723424453432,Blue One S
71.0,0.8750358224042436,0.7506724587205982,0.9397551538556196,Blue One S
74.0,0.8500347989069797,0.7164275005362591,0.923889426651769,Blue One S
