annee,mois,offre,prix
2023,5,(1x=Unlimited monthly)INTERNET Unlimited (24h24),23850.0
2023,6,(1x=Unlimited monthly)INTERNET Unlimited (24h24),23850.0
2023,7,(1x=Unlimited monthly)INTERNET Unlimited (24h24),23850.0
2023,8,(1x=Unlimited monthly)INTERNET Unlimited (24h24),23850.0
2023,9,(1x=Unlimited monthly)INTERNET Unlimited (24h24),23850.0
2023,10,(1x=Unlimited monthly)INTERNET Unlimited (24h24),23850.0
2023,11,(1x=Unlimited monthly)INTERNET Unlimited (24h24),23850.0
2023,12,(1x=Unlimited monthly)INTERNET Unlimited (24h24),23850.0
2024,1,(1x=Unlimited monthly)INTERNET Unlimited (24h24),23850.0
2024,2,(1x=Unlimited monthly)INTERNET Unlimited (24h24),23850.0
2024,3,(1x=Unlimited monthly)INTERNET Unlimited (24h24),23850.0
2024,4,(1x=Unlimited monthly)INTERNET Unlimited (24h24),23850.0
2024,5,(1x=Unlimited monthly)INTERNET Unlimited (24h24),23850.0
2024,6,(1x=Unlimited monthly)INTERNET Unlimited (24h24),23850.0
2024,7,(1x=Unlimited monthly)INTERNET Unlimited (24h24),23850.0
2024,8,(1x=Unlimited monthly)INTERNET Unlimited (24h24),23850.0
2024,9,(1x=Unlimited monthly)INTERNET Unlimited (24h24),23850.0
2024,10,(1x=Unlimited monthly)INTERNET Unlimited (24h24),23850.0
2024,11,(1x=Unlimited monthly)INTERNET Unlimited (24h24),23850.0
2024,12,(1x=Unlimited monthly)INTERNET Unlimited (24h24),23850.0
2025,1,(1x=Unlimited monthly)INTERNET Unlimited (24h24),23850.0
2025,2,(1x=Unlimited monthly)INTERNET Unlimited (24h24),23850.0
2025,3,(1x=Unlimited monthly)INTERNET Unlimited (24h24),23850.0
2025,4,(1x=Unlimited monthly)INTERNET Unlimited (24h24),23850.0
2025,5,(1x=Unlimited monthly)INTERNET Unlimited (24h24),23850.0
2025,6,(1x=Unlimited monthly)INTERNET Unlimited (24h24),23850.0
2025,7,(1x=Unlimited monthly)INTERNET Unlimited (24h24),23850.0
2025,8,(1x=Unlimited monthly)INTERNET Unlimited (24h24),23850.0
2023,5,Blue CPE Plus,85000.0
2023,6,Blue CPE Plus,85000.0
2023,7,Blue CPE Plus,85000.0
2023,8,Blue CPE Plus,85000.0
2023,9,Blue CPE Plus,85000.0
2023,10,Blue CPE Plus,85000.0
2023,11,Blue CPE Plus,85000.0
2023,12,Blue CPE Plus,85000.0
2024,1,Blue CPE Plus,85000.0
2024,2,Blue CPE Plus,85000.0
2024,3,Blue CPE Plus,85000.0
2024,4,Blue CPE Plus,85000.0
2024,5,Blue CPE Plus,85000.0
2024,6,Blue CPE Plus,85000.0
2024,7,Blue CPE Plus,85000.0
2024,8,Blue CPE Plus,85000.0
2024,9,Blue CPE Plus,85000.0
2024,10,Blue CPE Plus,85000.0
2024,11,Blue CPE Plus,85000.0
2024,12,Blue CPE Plus,85000.0
2025,1,Blue CPE Plus,85000.0
2025,2,Blue CPE Plus,85000.0
2025,3,Blue CPE Plus,85000.0
2025,4,Blue CPE Plus,85000.0
2025,5,Blue CPE Plus,85000.0
2025,6,Blue CPE Plus,85000.0
2025,7,Blue CPE Plus,85000.0
2025,8,Blue CPE Plus,85000.0
2023,5,Blue CPE Two,60000.0
2023,6,Blue CPE Two,60000.0
2023,7,Blue CPE Two,60000.0
2023,8,Blue CPE Two,60000.0
2023,9,Blue CPE Two,60000.0
2023,10,Blue CPE Two,60000.0
2023,11,Blue CPE Two,60000.0
2023,12,Blue CPE Two,60000.0
2024,1,Blue CPE Two,60000.0
2024,2,Blue CPE Two,60000.0
2024,3,Blue CPE Two,60000.0
2024,4,Blue CPE Two,60000.0
2024,5,Blue CPE Two,60000.0
2024,6,Blue CPE Two,60000.0
2024,7,Blue CPE Two,60000.0
2024,8,Blue CPE Two,60000.0
2024,9,Blue CPE Two,60000.0
2024,10,Blue CPE Two,60000.0
2024,11,Blue CPE Two,60000.0
2024,12,Blue CPE Two,60000.0
2025,1,Blue CPE Two,60000.0
2025,2,Blue CPE Two,60000.0
2025,3,Blue CPE Two,60000.0
2025,4,Blue CPE Two,60000.0
2025,5,Blue CPE Two,60000.0
2025,6,Blue CPE Two,60000.0
2025,7,Blue CPE Two,60000.0
2025,8,Blue CPE Two,60000.0
2023,5,Blue Go L,10000.0
2023,6,Blue Go L,10000.0
2023,7,Blue Go L,10000.0
2023,8,Blue Go L,10000.0
2023,9,Blue Go L,10000.0
2023,10,Blue Go L,10000.0
2023,11,Blue Go L,10000.0
2023,12,Blue Go L,10000.0
2024,1,Blue Go L,10000.0
2024,2,Blue Go L,10000.0
2024,3,Blue Go L,10000.0
2024,4,Blue Go L,10000.0
2024,5,Blue Go L,10000.0
2024,6,Blue Go L,10000.0
2024,7,Blue Go L,10000.0
2024,8,Blue Go L,10000.0
2024,9,Blue Go L,10000.0
2024,10,Blue Go L,10000.0
2024,11,Blue Go L,10000.0
2024,12,Blue Go L,10000.0
2025,1,Blue Go L,10000.0
2025,2,Blue Go L,10000.0
2025,3,Blue Go L,10000.0
2025,4,Blue Go L,10000.0
2025,5,Blue Go L,10000.0
2025,6,Blue Go L,10000.0
2025,7,Blue Go L,10000.0
2025,8,Blue Go L,10000.0
2023,5,Blue Go M,5000.0
2023,6,Blue Go M,5000.0
2023,7,Blue Go M,5000.0
2023,8,Blue Go M,5000.0
2023,9,Blue Go M,5000.0
2023,10,Blue Go M,5000.0
2023,11,Blue Go M,5000.0
2023,12,Blue Go M,5000.0
2024,1,Blue Go M,5000.0
2024,2,Blue Go M,5000.0
2024,3,Blue Go M,5000.0
2024,4,Blue Go M,5000.0
2024,5,Blue Go M,5000.0
2024,6,Blue Go M,5000.0
2024,7,Blue Go M,5000.0
2024,8,Blue Go M,5000.0
2024,9,Blue Go M,5000.0
2024,10,Blue Go M,5000.0
2024,11,Blue Go M,5000.0
2024,12,Blue Go M,5000.0
2025,1,Blue Go M,5000.0
2025,2,Blue Go M,5000.0
2025,3,Blue Go M,5000.0
2025,4,Blue Go M,5000.0
2025,5,Blue Go M,5000.0
2025,6,Blue Go M,5000.0
2025,7,Blue Go M,5000.0
2025,8,Blue Go M,5000.0
2023,5,Blue Go Plus L,40000.0
2023,6,Blue Go Plus L,40000.0
2023,7,Blue Go Plus L,40000.0
2023,8,Blue Go Plus L,40000.0
2023,9,Blue Go Plus L,40000.0
2023,10,Blue Go Plus L,40000.0
2023,11,Blue Go Plus L,40000.0
2023,12,Blue Go Plus L,40000.0
2024,1,Blue Go Plus L,40000.0
2024,2,Blue Go Plus L,40000.0
2024,3,Blue Go Plus L,40000.0
2024,4,Blue Go Plus L,40000.0
2024,5,Blue Go Plus L,40000.0
2024,6,Blue Go Plus L,40000.0
2024,7,Blue Go Plus L,40000.0
2024,8,Blue Go Plus L,40000.0
2024,9,Blue Go Plus L,40000.0
2024,10,Blue Go Plus L,40000.0
2024,11,Blue Go Plus L,40000.0
2024,12,Blue Go Plus L,40000.0
2025,1,Blue Go Plus L,40000.0
2025,2,Blue Go Plus L,40000.0
2025,3,Blue Go Plus L,40000.0
2025,4,Blue Go Plus L,40000.0
2025,5,Blue Go Plus L,40000.0
2025,6,Blue Go Plus L,40000.0
2025,7,Blue Go Plus L,40000.0
2025,8,Blue Go Plus L,40000.0
2023,5,Blue Go Plus M,25000.0
2023,6,Blue Go Plus M,25000.0
2023,7,Blue Go Plus M,25000.0
2023,8,Blue Go Plus M,25000.0
2023,9,Blue Go Plus M,25000.0
2023,10,Blue Go Plus M,25000.0
2023,11,Blue Go Plus M,25000.0
2023,12,Blue Go Plus M,25000.0
2024,1,Blue Go Plus M,25000.0
2024,2,Blue Go Plus M,25000.0
2024,3,Blue Go Plus M,25000.0
2024,4,Blue Go Plus M,25000.0
2024,5,Blue Go Plus M,25000.0
2024,6,Blue Go Plus M,25000.0
2024,7,Blue Go Plus M,25000.0
2024,8,Blue Go Plus M,25000.0
2024,9,Blue Go Plus M,25000.0
2024,10,Blue Go Plus M,25000.0
2024,11,Blue Go Plus M,25000.0
2024,12,Blue Go Plus M,25000.0
2025,1,Blue Go Plus M,25000.0
2025,2,Blue Go Plus M,25000.0
2025,3,Blue Go Plus M,25000.0
2025,4,Blue Go Plus M,25000.0
2025,5,Blue Go Plus M,25000.0
2025,6,Blue Go Plus M,25000.0
2025,7,Blue Go Plus M,25000.0
2025,8,Blue Go Plus M,25000.0
2023,5,Blue Go S,2000.0
2023,6,Blue Go S,2000.0
2023,7,Blue Go S,2000.0
2023,8,Blue Go S,2000.0
2023,9,Blue Go S,2000.0
2023,10,Blue Go S,2000.0
2023,11,Blue Go S,2000.0
2023,12,Blue Go S,2000.0
2024,1,Blue Go S,2000.0
2024,2,Blue Go S,2000.0
2024,3,Blue Go S,2000.0
2024,4,Blue Go S,2000.0
2024,5,Blue Go S,2000.0
2024,6,Blue Go S,2000.0
2024,7,Blue Go S,2000.0
2024,8,Blue Go S,2000.0
2024,9,Blue Go S,2000.0
2024,10,Blue Go S,2000.0
2024,11,Blue Go S,2000.0
2024,12,Blue Go S,2000.0
2025,1,Blue Go S,2000.0
2025,2,Blue Go S,2000.0
2025,3,Blue Go S,2000.0
2025,4,Blue Go S,2000.0
2025,5,Blue Go S,2000.0
2025,6,Blue Go S,2000.0
2025,7,Blue Go S,2000.0
2025,8,Blue Go S,2000.0
2023,5,Blue Go XL,20000.0
2023,6,Blue Go XL,20000.0
2023,7,Blue Go XL,20000.0
2023,8,Blue Go XL,20000.0
2023,9,Blue Go XL,20000.0
2023,10,Blue Go XL,20000.0
2023,11,Blue Go XL,20000.0
2023,12,Blue Go XL,20000.0
2024,1,Blue Go XL,20000.0
2024,2,Blue Go XL,20000.0
2024,3,Blue Go XL,20000.0
2024,4,Blue Go XL,20000.0
2024,5,Blue Go XL,20000.0
2024,6,Blue Go XL,20000.0
2024,7,Blue Go XL,20000.0
2024,8,Blue Go XL,20000.0
2024,9,Blue Go XL,20000.0
2024,10,Blue Go XL,20000.0
2024,11,Blue Go XL,20000.0
2024,12,Blue Go XL,20000.0
2025,1,Blue Go XL,20000.0
2025,2,Blue Go XL,20000.0
2025,3,Blue Go XL,20000.0
2025,4,Blue Go XL,20000.0
2025,5,Blue Go XL,20000.0
2025,6,Blue Go XL,20000.0
2025,7,Blue Go XL,20000.0
2025,8,Blue Go XL,20000.0
2023,5,Blue Go XXL,35000.0
2023,6,Blue Go XXL,35000.0
2023,7,Blue Go XXL,35000.0
2023,8,Blue Go XXL,35000.0
2023,9,Blue Go XXL,35000.0
2023,10,Blue Go XXL,35000.0
2023,11,Blue Go XXL,35000.0
2023,12,Blue Go XXL,35000.0
2024,1,Blue Go XXL,35000.0
2024,2,Blue Go XXL,35000.0
2024,3,Blue Go XXL,35000.0
2024,4,Blue Go XXL,35000.0
2024,5,Blue Go XXL,35000.0
2024,6,Blue Go XXL,35000.0
2024,7,Blue Go XXL,35000.0
2024,8,Blue Go XXL,35000.0
2024,9,Blue Go XXL,35000.0
2024,10,Blue Go XXL,35000.0
2024,11,Blue Go XXL,35000.0
2024,12,Blue Go XXL,35000.0
2025,1,Blue Go XXL,35000.0
2025,2,Blue Go XXL,35000.0
2025,3,Blue Go XXL,35000.0
2025,4,Blue Go XXL,35000.0
2025,5,Blue Go XXL,35000.0
2025,6,Blue Go XXL,35000.0
2025,7,Blue Go XXL,35000.0
2025,8,Blue Go XXL,35000.0
2023,5,Blue Go plus S,15000.0
2023,6,Blue Go plus S,15000.0
2023,7,Blue Go plus S,15000.0
2023,8,Blue Go plus S,15000.0
2023,9,Blue Go plus S,15000.0
2023,10,Blue Go plus S,15000.0
2023,11,Blue Go plus S,15000.0
2023,12,Blue Go plus S,15000.0
2024,1,Blue Go plus S,15000.0
2024,2,Blue Go plus S,15000.0
2024,3,Blue Go plus S,15000.0
2024,4,Blue Go plus S,15000.0
2024,5,Blue Go plus S,15000.0
2024,6,Blue Go plus S,15000.0
2024,7,Blue Go plus S,15000.0
2024,8,Blue Go plus S,15000.0
2024,9,Blue Go plus S,15000.0
2024,10,Blue Go plus S,15000.0
2024,11,Blue Go plus S,15000.0
2024,12,Blue Go plus S,15000.0
2025,1,Blue Go plus S,15000.0
2025,2,Blue Go plus S,15000.0
2025,3,Blue Go plus S,15000.0
2025,4,Blue Go plus S,15000.0
2025,5,Blue Go plus S,15000.0
2025,6,Blue Go plus S,15000.0
2025,7,Blue Go plus S,15000.0
2025,8,Blue Go plus S,15000.0
2023,5,Blue Home L,40000.0
2023,6,Blue Home L,40000.0
2023,7,Blue Home L,40000.0
2023,8,Blue Home L,40000.0
2023,9,Blue Home L,40000.0
2023,10,Blue Home L,40000.0
2023,11,Blue Home L,40000.0
2023,12,Blue Home L,40000.0
2024,1,Blue Home L,40000.0
2024,2,Blue Home L,40000.0
2024,3,Blue Home L,40000.0
2024,4,Blue Home L,40000.0
2024,5,Blue Home L,40000.0
2024,6,Blue Home L,40000.0
2024,7,Blue Home L,40000.0
2024,8,Blue Home L,40000.0
2024,9,Blue Home L,40000.0
2024,10,Blue Home L,40000.0
2024,11,Blue Home L,40000.0
2024,12,Blue Home L,40000.0
2025,1,Blue Home L,40000.0
2025,2,Blue Home L,40000.0
2025,3,Blue Home L,40000.0
2025,4,Blue Home L,40000.0
2025,5,Blue Home L,40000.0
2025,6,Blue Home L,40000.0
2025,7,Blue Home L,40000.0
2025,8,Blue Home L,40000.0
2023,5,Blue Home M,25000.0
2023,6,Blue Home M,25000.0
2023,7,Blue Home M,25000.0
2023,8,Blue Home M,25000.0
2023,9,Blue Home M,25000.0
2023,10,Blue Home M,25000.0
2023,11,Blue Home M,25000.0
2023,12,Blue Home M,25000.0
2024,1,Blue Home M,25000.0
2024,2,Blue Home M,25000.0
2024,3,Blue Home M,25000.0
2024,4,Blue Home M,25000.0
2024,5,Blue Home M,25000.0
2024,6,Blue Home M,25000.0
2024,7,Blue Home M,25000.0
2024,8,Blue Home M,25000.0
2024,9,Blue Home M,25000.0
2024,10,Blue Home M,25000.0
2024,11,Blue Home M,25000.0
2024,12,Blue Home M,25000.0
2025,1,Blue Home M,25000.0
2025,2,Blue Home M,25000.0
2025,3,Blue Home M,25000.0
2025,4,Blue Home M,25000.0
2025,5,Blue Home M,25000.0
2025,6,Blue Home M,25000.0
2025,7,Blue Home M,25000.0
2025,8,Blue Home M,25000.0
2023,5,Blue Home S,15000.0
2023,6,Blue Home S,15000.0
2023,7,Blue Home S,15000.0
2023,8,Blue Home S,15000.0
2023,9,Blue Home S,15000.0
2023,10,Blue Home S,15000.0
2023,11,Blue Home S,15000.0
2023,12,Blue Home S,15000.0
2024,1,Blue Home S,15000.0
2024,2,Blue Home S,15000.0
2024,3,Blue Home S,15000.0
2024,4,Blue Home S,15000.0
2024,5,Blue Home S,15000.0
2024,6,Blue Home S,15000.0
2024,7,Blue Home S,15000.0
2024,8,Blue Home S,15000.0
2024,9,Blue Home S,15000.0
2024,10,Blue Home S,15000.0
2024,11,Blue Home S,15000.0
2024,12,Blue Home S,15000.0
2025,1,Blue Home S,15000.0
2025,2,Blue Home S,15000.0
2025,3,Blue Home S,15000.0
2025,4,Blue Home S,15000.0
2025,5,Blue Home S,15000.0
2025,6,Blue Home S,15000.0
2025,7,Blue Home S,15000.0
2025,8,Blue Home S,15000.0
2023,5,Blue Max L,50000.0
2023,6,Blue Max L,50000.0
2023,7,Blue Max L,50000.0
2023,8,Blue Max L,50000.0
2023,9,Blue Max L,50000.0
2023,10,Blue Max L,50000.0
2023,11,Blue Max L,50000.0
2023,12,Blue Max L,50000.0
2024,1,Blue Max L,50000.0
2024,2,Blue Max L,50000.0
2024,3,Blue Max L,50000.0
2024,4,Blue Max L,50000.0
2024,5,Blue Max L,50000.0
2024,6,Blue Max L,50000.0
2024,7,Blue Max L,50000.0
2024,8,Blue Max L,50000.0
2024,9,Blue Max L,50000.0
2024,10,Blue Max L,50000.0
2024,11,Blue Max L,50000.0
2024,12,Blue Max L,50000.0
2025,1,Blue Max L,50000.0
2025,2,Blue Max L,50000.0
2025,3,Blue Max L,50000.0
2025,4,Blue Max L,50000.0
2025,5,Blue Max L,50000.0
2025,6,Blue Max L,50000.0
2025,7,Blue Max L,50000.0
2025,8,Blue Max L,50000.0
2023,5,Blue Max M,35000.0
2023,6,Blue Max M,35000.0
2023,7,Blue Max M,35000.0
2023,8,Blue Max M,35000.0
2023,9,Blue Max M,35000.0
2023,10,Blue Max M,35000.0
2023,11,Blue Max M,35000.0
2023,12,Blue Max M,35000.0
2024,1,Blue Max M,35000.0
2024,2,Blue Max M,35000.0
2024,3,Blue Max M,35000.0
2024,4,Blue Max M,35000.0
2024,5,Blue Max M,35000.0
2024,6,Blue Max M,35000.0
2024,7,Blue Max M,35000.0
2024,8,Blue Max M,35000.0
2024,9,Blue Max M,35000.0
2024,10,Blue Max M,35000.0
2024,11,Blue Max M,35000.0
2024,12,Blue Max M,35000.0
2025,1,Blue Max M,35000.0
2025,2,Blue Max M,35000.0
2025,3,Blue Max M,35000.0
2025,4,Blue Max M,35000.0
2025,5,Blue Max M,35000.0
2025,6,Blue Max M,35000.0
2025,7,Blue Max M,35000.0
2025,8,Blue Max M,35000.0
2023,5,Blue Max S,25000.0
2023,6,Blue Max S,25000.0
2023,7,Blue Max S,25000.0
2023,8,Blue Max S,25000.0
2023,9,Blue Max S,25000.0
2023,10,Blue Max S,25000.0
2023,11,Blue Max S,25000.0
2023,12,Blue Max S,25000.0
2024,1,Blue Max S,25000.0
2024,2,Blue Max S,25000.0
2024,3,Blue Max S,25000.0
2024,4,Blue Max S,25000.0
2024,5,Blue Max S,25000.0
2024,6,Blue Max S,25000.0
2024,7,Blue Max S,25000.0
2024,8,Blue Max S,25000.0
2024,9,Blue Max S,25000.0
2024,10,Blue Max S,25000.0
2024,11,Blue Max S,25000.0
2024,12,Blue Max S,25000.0
2025,1,Blue Max S,25000.0
2025,2,Blue Max S,25000.0
2025,3,Blue Max S,25000.0
2025,4,Blue Max S,25000.0
2025,5,Blue Max S,25000.0
2025,6,Blue Max S,25000.0
2025,7,Blue Max S,25000.0
2025,8,Blue Max S,25000.0
2023,5,Blue Max XL,60000.0
2023,6,Blue Max XL,60000.0
2023,7,Blue Max XL,60000.0
2023,8,Blue Max XL,60000.0
2023,9,Blue Max XL,60000.0
2023,10,Blue Max XL,60000.0
2023,11,Blue Max XL,60000.0
2023,12,Blue Max XL,60000.0
2024,1,Blue Max XL,60000.0
2024,2,Blue Max XL,60000.0
2024,3,Blue Max XL,60000.0
2024,4,Blue Max XL,60000.0
2024,5,Blue Max XL,60000.0
2024,6,Blue Max XL,60000.0
2024,7,Blue Max XL,60000.0
2024,8,Blue Max XL,60000.0
2024,9,Blue Max XL,60000.0
2024,10,Blue Max XL,60000.0
2024,11,Blue Max XL,60000.0
2024,12,Blue Max XL,60000.0
2025,1,Blue Max XL,60000.0
2025,2,Blue Max XL,60000.0
2025,3,Blue Max XL,60000.0
2025,4,Blue Max XL,60000.0
2025,5,Blue Max XL,60000.0
2025,6,Blue Max XL,60000.0
2025,7,Blue Max XL,60000.0
2025,8,Blue Max XL,60000.0
2023,5,Blue MiFi One,50000.0
2023,6,Blue MiFi One,50000.0
2023,7,Blue MiFi One,50000.0
2023,8,Blue MiFi One,50000.0
2023,9,Blue MiFi One,50000.0
2023,10,Blue MiFi One,50000.0
2023,11,Blue MiFi One,50000.0
2023,12,Blue MiFi One,50000.0
2024,1,Blue MiFi One,50000.0
2024,2,Blue MiFi One,50000.0
2024,3,Blue MiFi One,50000.0
2024,4,Blue MiFi One,50000.0
2024,5,Blue MiFi One,50000.0
2024,6,Blue MiFi One,50000.0
2024,7,Blue MiFi One,50000.0
2024,8,Blue MiFi One,50000.0
2024,9,Blue MiFi One,50000.0
2024,10,Blue MiFi One,50000.0
2024,11,Blue MiFi One,50000.0
2024,12,Blue MiFi One,50000.0
2025,1,Blue MiFi One,50000.0
2025,2,Blue MiFi One,50000.0
2025,3,Blue MiFi One,50000.0
2025,4,Blue MiFi One,50000.0
2025,5,Blue MiFi One,50000.0
2025,6,Blue MiFi One,50000.0
2025,7,Blue MiFi One,50000.0
2025,8,Blue MiFi One,50000.0
2023,5,Blue MiFi Two,250.0
2023,6,Blue MiFi Two,250.0
2023,7,Blue MiFi Two,250.0
2023,8,Blue MiFi Two,250.0
2023,9,Blue MiFi Two,250.0
2023,10,Blue MiFi Two,250.0
2023,11,Blue MiFi Two,250.0
2023,12,Blue MiFi Two,250.0
2024,1,Blue MiFi Two,250.0
2024,2,Blue MiFi Two,250.0
2024,3,Blue MiFi Two,250.0
2024,4,Blue MiFi Two,250.0
2024,5,Blue MiFi Two,250.0
2024,6,Blue MiFi Two,250.0
2024,7,Blue MiFi Two,250.0
2024,8,Blue MiFi Two,250.0
2024,9,Blue MiFi Two,250.0
2024,10,Blue MiFi Two,250.0
2024,11,Blue MiFi Two,250.0
2024,12,Blue MiFi Two,250.0
2025,1,Blue MiFi Two,250.0
2025,2,Blue MiFi Two,250.0
2025,3,Blue MiFi Two,250.0
2025,4,Blue MiFi Two,250.0
2025,5,Blue MiFi Two,250.0
2025,6,Blue MiFi Two,250.0
2025,7,Blue MiFi Two,250.0
2025,8,Blue MiFi Two,250.0
2023,5,Blue Night,250.0
2023,6,Blue Night,250.0
2023,7,Blue Night,250.0
2023,8,Blue Night,250.0
2023,9,Blue Night,250.0
2023,10,Blue Night,250.0
2023,11,Blue Night,250.0
2023,12,Blue Night,250.0
2024,1,Blue Night,250.0
2024,2,Blue Night,250.0
2024,3,Blue Night,250.0
2024,4,Blue Night,250.0
2024,5,Blue Night,250.0
2024,6,Blue Night,250.0
2024,7,Blue Night,250.0
2024,8,Blue Night,250.0
2024,9,Blue Night,250.0
2024,10,Blue Night,250.0
2024,11,Blue Night,250.0
2024,12,Blue Night,250.0
2025,1,Blue Night,250.0
2025,2,Blue Night,250.0
2025,3,Blue Night,250.0
2025,4,Blue Night,250.0
2025,5,Blue Night,250.0
2025,6,Blue Night,250.0
2025,7,Blue Night,250.0
2025,8,Blue Night,250.0
2023,5,Blue Nous L_Prepaid,10000.0
2023,6,Blue Nous L_Prepaid,10000.0
2023,7,Blue Nous L_Prepaid,10000.0
2023,8,Blue Nous L_Prepaid,10000.0
2023,9,Blue Nous L_Prepaid,10000.0
2023,10,Blue Nous L_Prepaid,10000.0
2023,11,Blue Nous L_Prepaid,10000.0
2023,12,Blue Nous L_Prepaid,10000.0
2024,1,Blue Nous L_Prepaid,10000.0
2024,2,Blue Nous L_Prepaid,10000.0
2024,3,Blue Nous L_Prepaid,10000.0
2024,4,Blue Nous L_Prepaid,10000.0
2024,5,Blue Nous L_Prepaid,10000.0
2024,6,Blue Nous L_Prepaid,10000.0
2024,7,Blue Nous L_Prepaid,10000.0
2024,8,Blue Nous L_Prepaid,10000.0
2024,9,Blue Nous L_Prepaid,10000.0
2024,10,Blue Nous L_Prepaid,10000.0
2024,11,Blue Nous L_Prepaid,10000.0
2024,12,Blue Nous L_Prepaid,10000.0
2025,1,Blue Nous L_Prepaid,10000.0
2025,2,Blue Nous L_Prepaid,10000.0
2025,3,Blue Nous L_Prepaid,10000.0
2025,4,Blue Nous L_Prepaid,10000.0
2025,5,Blue Nous L_Prepaid,10000.0
2025,6,Blue Nous L_Prepaid,10000.0
2025,7,Blue Nous L_Prepaid,10000.0
2025,8,Blue Nous L_Prepaid,10000.0
2023,5,Blue Nous M_Prepaid,5000.0
2023,6,Blue Nous M_Prepaid,5000.0
2023,7,Blue Nous M_Prepaid,5000.0
2023,8,Blue Nous M_Prepaid,5000.0
2023,9,Blue Nous M_Prepaid,5000.0
2023,10,Blue Nous M_Prepaid,5000.0
2023,11,Blue Nous M_Prepaid,5000.0
2023,12,Blue Nous M_Prepaid,5000.0
2024,1,Blue Nous M_Prepaid,5000.0
2024,2,Blue Nous M_Prepaid,5000.0
2024,3,Blue Nous M_Prepaid,5000.0
2024,4,Blue Nous M_Prepaid,5000.0
2024,5,Blue Nous M_Prepaid,5000.0
2024,6,Blue Nous M_Prepaid,5000.0
2024,7,Blue Nous M_Prepaid,5000.0
2024,8,Blue Nous M_Prepaid,5000.0
2024,9,Blue Nous M_Prepaid,5000.0
2024,10,Blue Nous M_Prepaid,5000.0
2024,11,Blue Nous M_Prepaid,5000.0
2024,12,Blue Nous M_Prepaid,5000.0
2025,1,Blue Nous M_Prepaid,5000.0
2025,2,Blue Nous M_Prepaid,5000.0
2025,3,Blue Nous M_Prepaid,5000.0
2025,4,Blue Nous M_Prepaid,5000.0
2025,5,Blue Nous M_Prepaid,5000.0
2025,6,Blue Nous M_Prepaid,5000.0
2025,7,Blue Nous M_Prepaid,5000.0
2025,8,Blue Nous M_Prepaid,5000.0
2023,5,Blue Nous S_Prepaid,2000.0
2023,6,Blue Nous S_Prepaid,2000.0
2023,7,Blue Nous S_Prepaid,2000.0
2023,8,Blue Nous S_Prepaid,2000.0
2023,9,Blue Nous S_Prepaid,2000.0
2023,10,Blue Nous S_Prepaid,2000.0
2023,11,Blue Nous S_Prepaid,2000.0
2023,12,Blue Nous S_Prepaid,2000.0
2024,1,Blue Nous S_Prepaid,2000.0
2024,2,Blue Nous S_Prepaid,2000.0
2024,3,Blue Nous S_Prepaid,2000.0
2024,4,Blue Nous S_Prepaid,2000.0
2024,5,Blue Nous S_Prepaid,2000.0
2024,6,Blue Nous S_Prepaid,2000.0
2024,7,Blue Nous S_Prepaid,2000.0
2024,8,Blue Nous S_Prepaid,2000.0
2024,9,Blue Nous S_Prepaid,2000.0
2024,10,Blue Nous S_Prepaid,2000.0
2024,11,Blue Nous S_Prepaid,2000.0
2024,12,Blue Nous S_Prepaid,2000.0
2025,1,Blue Nous S_Prepaid,2000.0
2025,2,Blue Nous S_Prepaid,2000.0
2025,3,Blue Nous S_Prepaid,2000.0
2025,4,Blue Nous S_Prepaid,2000.0
2025,5,Blue Nous S_Prepaid,2000.0
2025,6,Blue Nous S_Prepaid,2000.0
2025,7,Blue Nous S_Prepaid,2000.0
2025,8,Blue Nous S_Prepaid,2000.0
2023,5,Blue Nous XL_Prepaid,20000.0
2023,6,Blue Nous XL_Prepaid,20000.0
2023,7,Blue Nous XL_Prepaid,20000.0
2023,8,Blue Nous XL_Prepaid,20000.0
2023,9,Blue Nous XL_Prepaid,20000.0
2023,10,Blue Nous XL_Prepaid,20000.0
2023,11,Blue Nous XL_Prepaid,20000.0
2023,12,Blue Nous XL_Prepaid,20000.0
2024,1,Blue Nous XL_Prepaid,20000.0
2024,2,Blue Nous XL_Prepaid,20000.0
2024,3,Blue Nous XL_Prepaid,20000.0
2024,4,Blue Nous XL_Prepaid,20000.0
2024,5,Blue Nous XL_Prepaid,20000.0
2024,6,Blue Nous XL_Prepaid,20000.0
2024,7,Blue Nous XL_Prepaid,20000.0
2024,8,Blue Nous XL_Prepaid,20000.0
2024,9,Blue Nous XL_Prepaid,20000.0
2024,10,Blue Nous XL_Prepaid,20000.0
2024,11,Blue Nous XL_Prepaid,20000.0
2024,12,Blue Nous XL_Prepaid,20000.0
2025,1,Blue Nous XL_Prepaid,20000.0
2025,2,Blue Nous XL_Prepaid,20000.0
2025,3,Blue Nous XL_Prepaid,20000.0
2025,4,Blue Nous XL_Prepaid,20000.0
2025,5,Blue Nous XL_Prepaid,20000.0
2025,6,Blue Nous XL_Prepaid,20000.0
2025,7,Blue Nous XL_Prepaid,20000.0
2025,8,Blue Nous XL_Prepaid,20000.0
2023,5,Blue Nous XXL_Prepaid,35000.0
2023,6,Blue Nous XXL_Prepaid,35000.0
2023,7,Blue Nous XXL_Prepaid,35000.0
2023,8,Blue Nous XXL_Prepaid,35000.0
2023,9,Blue Nous XXL_Prepaid,35000.0
2023,10,Blue Nous XXL_Prepaid,35000.0
2023,11,Blue Nous XXL_Prepaid,35000.0
2023,12,Blue Nous XXL_Prepaid,35000.0
2024,1,Blue Nous XXL_Prepaid,35000.0
2024,2,Blue Nous XXL_Prepaid,35000.0
2024,3,Blue Nous XXL_Prepaid,35000.0
2024,4,Blue Nous XXL_Prepaid,35000.0
2024,5,Blue Nous XXL_Prepaid,35000.0
2024,6,Blue Nous XXL_Prepaid,35000.0
2024,7,Blue Nous XXL_Prepaid,35000.0
2024,8,Blue Nous XXL_Prepaid,35000.0
2024,9,Blue Nous XXL_Prepaid,35000.0
2024,10,Blue Nous XXL_Prepaid,35000.0
2024,11,Blue Nous XXL_Prepaid,35000.0
2024,12,Blue Nous XXL_Prepaid,35000.0
2025,1,Blue Nous XXL_Prepaid,35000.0
2025,2,Blue Nous XXL_Prepaid,35000.0
2025,3,Blue Nous XXL_Prepaid,35000.0
2025,4,Blue Nous XXL_Prepaid,35000.0
2025,5,Blue Nous XXL_Prepaid,35000.0
2025,6,Blue Nous XXL_Prepaid,35000.0
2025,7,Blue Nous XXL_Prepaid,35000.0
2025,8,Blue Nous XXL_Prepaid,35000.0
2023,5,Blue One L,5000.0
2023,6,Blue One L,5000.0
2023,7,Blue One L,5000.0
2023,8,Blue One L,5000.0
2023,9,Blue One L,5000.0
2023,10,Blue One L,5000.0
2023,11,Blue One L,5000.0
2023,12,Blue One L,5000.0
2024,1,Blue One L,5000.0
2024,2,Blue One L,5000.0
2024,3,Blue One L,5000.0
2024,4,Blue One L,5000.0
2024,5,Blue One L,5000.0
2024,6,Blue One L,5000.0
2024,7,Blue One L,5000.0
2024,8,Blue One L,5000.0
2024,9,Blue One L,5000.0
2024,10,Blue One L,5000.0
2024,11,Blue One L,5000.0
2024,12,Blue One L,5000.0
2025,1,Blue One L,5000.0
2025,2,Blue One L,5000.0
2025,3,Blue One L,5000.0
2025,4,Blue One L,5000.0
2025,5,Blue One L,5000.0
2025,6,Blue One L,5000.0
2025,7,Blue One L,5000.0
2025,8,Blue One L,5000.0
2023,5,Blue One M,3000.0
2023,6,Blue One M,3000.0
2023,7,Blue One M,3000.0
2023,8,Blue One M,3000.0
2023,9,Blue One M,3000.0
2023,10,Blue One M,3000.0
2023,11,Blue One M,3000.0
2023,12,Blue One M,3000.0
2024,1,Blue One M,3000.0
2024,2,Blue One M,3000.0
2024,3,Blue One M,3000.0
2024,4,Blue One M,3000.0
2024,5,Blue One M,3000.0
2024,6,Blue One M,3000.0
2024,7,Blue One M,3000.0
2024,8,Blue One M,3000.0
2024,9,Blue One M,3000.0
2024,10,Blue One M,3000.0
2024,11,Blue One M,3000.0
2024,12,Blue One M,3000.0
2025,1,Blue One M,3000.0
2025,2,Blue One M,3000.0
2025,3,Blue One M,3000.0
2025,4,Blue One M,3000.0
2025,5,Blue One M,3000.0
2025,6,Blue One M,3000.0
2025,7,Blue One M,3000.0
2025,8,Blue One M,3000.0
2023,5,Blue One S,2000.0
2023,6,Blue One S,2000.0
2023,7,Blue One S,2000.0
2023,8,Blue One S,2000.0
2023,9,Blue One S,2000.0
2023,10,Blue One S,2000.0
2023,11,Blue One S,2000.0
2023,12,Blue One S,2000.0
2024,1,Blue One S,2000.0
2024,2,Blue One S,2000.0
2024,3,Blue One S,2000.0
2024,4,Blue One S,2000.0
2024,5,Blue One S,2000.0
2024,6,Blue One S,2000.0
2024,7,Blue One S,2000.0
2024,8,Blue One S,2000.0
2024,9,Blue One S,2000.0
2024,10,Blue One S,2000.0
2024,11,Blue One S,2000.0
2024,12,Blue One S,2000.0
2025,1,Blue One S,2000.0
2025,2,Blue One S,2000.0
2025,3,Blue One S,2000.0
2025,4,Blue One S,2000.0
2025,5,Blue One S,2000.0
2025,6,Blue One S,2000.0
2025,7,Blue One S,2000.0
2025,8,Blue One S,2000.0
2023,5,Blue One XL,10000.0
2023,6,Blue One XL,10000.0
2023,7,Blue One XL,10000.0
2023,8,Blue One XL,10000.0
2023,9,Blue One XL,10000.0
2023,10,Blue One XL,10000.0
2023,11,Blue One XL,10000.0
2023,12,Blue One XL,10000.0
2024,1,Blue One XL,10000.0
2024,2,Blue One XL,10000.0
2024,3,Blue One XL,10000.0
2024,4,Blue One XL,10000.0
2024,5,Blue One XL,10000.0
2024,6,Blue One XL,10000.0
2024,7,Blue One XL,10000.0
2024,8,Blue One XL,10000.0
2024,9,Blue One XL,10000.0
2024,10,Blue One XL,10000.0
2024,11,Blue One XL,10000.0
2024,12,Blue One XL,10000.0
2025,1,Blue One XL,10000.0
2025,2,Blue One XL,10000.0
2025,3,Blue One XL,10000.0
2025,4,Blue One XL,10000.0
2025,5,Blue One XL,10000.0
2025,6,Blue One XL,10000.0
2025,7,Blue One XL,10000.0
2025,8,Blue One XL,10000.0
2023,5,Blue One XXL,20000.0
2023,6,Blue One XXL,20000.0
2023,7,Blue One XXL,20000.0
2023,8,Blue One XXL,20000.0
2023,9,Blue One XXL,20000.0
2023,10,Blue One XXL,20000.0
2023,11,Blue One XXL,20000.0
2023,12,Blue One XXL,20000.0
2024,1,Blue One XXL,20000.0
2024,2,Blue One XXL,20000.0
2024,3,Blue One XXL,20000.0
2024,4,Blue One XXL,20000.0
2024,5,Blue One XXL,20000.0
2024,6,Blue One XXL,20000.0
2024,7,Blue One XXL,20000.0
2024,8,Blue One XXL,20000.0
2024,9,Blue One XXL,20000.0
2024,10,Blue One XXL,20000.0
2024,11,Blue One XXL,20000.0
2024,12,Blue One XXL,20000.0
2025,1,Blue One XXL,20000.0
2025,2,Blue One XXL,20000.0
2025,3,Blue One XXL,20000.0
2025,4,Blue One XXL,20000.0
2025,5,Blue One XXL,20000.0
2025,6,Blue One XXL,20000.0
2025,7,Blue One XXL,20000.0
2025,8,Blue One XXL,20000.0
2023,5,Blue Sky,2000.0
2023,6,Blue Sky,2000.0
2023,7,Blue Sky,2000.0
2023,8,Blue Sky,2000.0
2023,9,Blue Sky,2000.0
2023,10,Blue Sky,2000.0
2023,11,Blue Sky,2000.0
2023,12,Blue Sky,2000.0
2024,1,Blue Sky,2000.0
2024,2,Blue Sky,2000.0
2024,3,Blue Sky,2000.0
2024,4,Blue Sky,2000.0
2024,5,Blue Sky,2000.0
2024,6,Blue Sky,2000.0
2024,7,Blue Sky,2000.0
2024,8,Blue Sky,2000.0
2024,9,Blue Sky,2000.0
2024,10,Blue Sky,2000.0
2024,11,Blue Sky,2000.0
2024,12,Blue Sky,2000.0
2025,1,Blue Sky,2000.0
2025,2,Blue Sky,2000.0
2025,3,Blue Sky,2000.0
2025,4,Blue Sky,2000.0
2025,5,Blue Sky,2000.0
2025,6,Blue Sky,2000.0
2025,7,Blue Sky,2000.0
2025,8,Blue Sky,2000.0
2023,5,Blue Welcome,500.0
2023,6,Blue Welcome,500.0
2023,7,Blue Welcome,500.0
2023,8,Blue Welcome,500.0
2023,9,Blue Welcome,500.0
2023,10,Blue Welcome,500.0
2023,11,Blue Welcome,500.0
2023,12,Blue Welcome,500.0
2024,1,Blue Welcome,500.0
2024,2,Blue Welcome,500.0
2024,3,Blue Welcome,500.0
2024,4,Blue Welcome,500.0
2024,5,Blue Welcome,500.0
2024,6,Blue Welcome,500.0
2024,7,Blue Welcome,500.0
2024,8,Blue Welcome,500.0
2024,9,Blue Welcome,500.0
2024,10,Blue Welcome,500.0
2024,11,Blue Welcome,500.0
2024,12,Blue Welcome,500.0
2025,1,Blue Welcome,500.0
2025,2,Blue Welcome,500.0
2025,3,Blue Welcome,500.0
2025,4,Blue Welcome,500.0
2025,5,Blue Welcome,500.0
2025,6,Blue Welcome,500.0
2025,7,Blue Welcome,500.0
2025,8,Blue Welcome,500.0
2023,5,Blue Welcome Plus,500.0
2023,6,Blue Welcome Plus,500.0
2023,7,Blue Welcome Plus,500.0
2023,8,Blue Welcome Plus,500.0
2023,9,Blue Welcome Plus,500.0
2023,10,Blue Welcome Plus,500.0
2023,11,Blue Welcome Plus,500.0
2023,12,Blue Welcome Plus,500.0
2024,1,Blue Welcome Plus,500.0
2024,2,Blue Welcome Plus,500.0
2024,3,Blue Welcome Plus,500.0
2024,4,Blue Welcome Plus,500.0
2024,5,Blue Welcome Plus,500.0
2024,6,Blue Welcome Plus,500.0
2024,7,Blue Welcome Plus,500.0
2024,8,Blue Welcome Plus,500.0
2024,9,Blue Welcome Plus,500.0
2024,10,Blue Welcome Plus,500.0
2024,11,Blue Welcome Plus,500.0
2024,12,Blue Welcome Plus,500.0
2025,1,Blue Welcome Plus,500.0
2025,2,Blue Welcome Plus,500.0
2025,3,Blue Welcome Plus,500.0
2025,4,Blue Welcome Plus,500.0
2025,5,Blue Welcome Plus,500.0
2025,6,Blue Welcome Plus,500.0
2025,7,Blue Welcome Plus,500.0
2025,8,Blue Welcome Plus,500.0
2023,5,Blue mo L,500.0
2023,6,Blue mo L,500.0
2023,7,Blue mo L,500.0
2023,8,Blue mo L,500.0
2023,9,Blue mo L,500.0
2023,10,Blue mo L,500.0
2023,11,Blue mo L,500.0
2023,12,Blue mo L,500.0
2024,1,Blue mo L,500.0
2024,2,Blue mo L,500.0
2024,3,Blue mo L,500.0
2024,4,Blue mo L,500.0
2024,5,Blue mo L,500.0
2024,6,Blue mo L,500.0
2024,7,Blue mo L,500.0
2024,8,Blue mo L,500.0
2024,9,Blue mo L,500.0
2024,10,Blue mo L,500.0
2024,11,Blue mo L,500.0
2024,12,Blue mo L,500.0
2025,1,Blue mo L,500.0
2025,2,Blue mo L,500.0
2025,3,Blue mo L,500.0
2025,4,Blue mo L,500.0
2025,5,Blue mo L,500.0
2025,6,Blue mo L,500.0
2025,7,Blue mo L,500.0
2025,8,Blue mo L,500.0
2023,5,Blue mo M,300.0
2023,6,Blue mo M,300.0
2023,7,Blue mo M,300.0
2023,8,Blue mo M,300.0
2023,9,Blue mo M,300.0
2023,10,Blue mo M,300.0
2023,11,Blue mo M,300.0
2023,12,Blue mo M,300.0
2024,1,Blue mo M,300.0
2024,2,Blue mo M,300.0
2024,3,Blue mo M,300.0
2024,4,Blue mo M,300.0
2024,5,Blue mo M,300.0
2024,6,Blue mo M,300.0
2024,7,Blue mo M,300.0
2024,8,Blue mo M,300.0
2024,9,Blue mo M,300.0
2024,10,Blue mo M,300.0
2024,11,Blue mo M,300.0
2024,12,Blue mo M,300.0
2025,1,Blue mo M,300.0
2025,2,Blue mo M,300.0
2025,3,Blue mo M,300.0
2025,4,Blue mo M,300.0
2025,5,Blue mo M,300.0
2025,6,Blue mo M,300.0
2025,7,Blue mo M,300.0
2025,8,Blue mo M,300.0
2023,5,Blue mo S,100.0
2023,6,Blue mo S,100.0
2023,7,Blue mo S,100.0
2023,8,Blue mo S,100.0
2023,9,Blue mo S,100.0
2023,10,Blue mo S,100.0
2023,11,Blue mo S,100.0
2023,12,Blue mo S,100.0
2024,1,Blue mo S,100.0
2024,2,Blue mo S,100.0
2024,3,Blue mo S,100.0
2024,4,Blue mo S,100.0
2024,5,Blue mo S,100.0
2024,6,Blue mo S,100.0
2024,7,Blue mo S,100.0
2024,8,Blue mo S,100.0
2024,9,Blue mo S,100.0
2024,10,Blue mo S,100.0
2024,11,Blue mo S,100.0
2024,12,Blue mo S,100.0
2025,1,Blue mo S,100.0
2025,2,Blue mo S,100.0
2025,3,Blue mo S,100.0
2025,4,Blue mo S,100.0
2025,5,Blue mo S,100.0
2025,6,Blue mo S,100.0
2025,7,Blue mo S,100.0
2025,8,Blue mo S,100.0
2023,5,Blue mo XL,1000.0
2023,6,Blue mo XL,1000.0
2023,7,Blue mo XL,1000.0
2023,8,Blue mo XL,1000.0
2023,9,Blue mo XL,1000.0
2023,10,Blue mo XL,1000.0
2023,11,Blue mo XL,1000.0
2023,12,Blue mo XL,1000.0
2024,1,Blue mo XL,1000.0
2024,2,Blue mo XL,1000.0
2024,3,Blue mo XL,1000.0
2024,4,Blue mo XL,1000.0
2024,5,Blue mo XL,1000.0
2024,6,Blue mo XL,1000.0
2024,7,Blue mo XL,1000.0
2024,8,Blue mo XL,1000.0
2024,9,Blue mo XL,1000.0
2024,10,Blue mo XL,1000.0
2024,11,Blue mo XL,1000.0
2024,12,Blue mo XL,1000.0
2025,1,Blue mo XL,1000.0
2025,2,Blue mo XL,1000.0
2025,3,Blue mo XL,1000.0
2025,4,Blue mo XL,1000.0
2025,5,Blue mo XL,1000.0
2025,6,Blue mo XL,1000.0
2025,7,Blue mo XL,1000.0
2025,8,Blue mo XL,1000.0
2023,5,Blue mo XXL,5000.0
2023,6,Blue mo XXL,5000.0
2023,7,Blue mo XXL,5000.0
2023,8,Blue mo XXL,5000.0
2023,9,Blue mo XXL,5000.0
2023,10,Blue mo XXL,5000.0
2023,11,Blue mo XXL,5000.0
2023,12,Blue mo XXL,5000.0
2024,1,Blue mo XXL,5000.0
2024,2,Blue mo XXL,5000.0
2024,3,Blue mo XXL,5000.0
2024,4,Blue mo XXL,5000.0
2024,5,Blue mo XXL,5000.0
2024,6,Blue mo XXL,5000.0
2024,7,Blue mo XXL,5000.0
2024,8,Blue mo XXL,5000.0
2024,9,Blue mo XXL,5000.0
2024,10,Blue mo XXL,5000.0
2024,11,Blue mo XXL,5000.0
2024,12,Blue mo XXL,5000.0
2025,1,Blue mo XXL,5000.0
2025,2,Blue mo XXL,5000.0
2025,3,Blue mo XXL,5000.0
2025,4,Blue mo XXL,5000.0
2025,5,Blue mo XXL,5000.0
2025,6,Blue mo XXL,5000.0
2025,7,Blue mo XXL,5000.0
2025,8,Blue mo XXL,5000.0
2023,5,Blue smartphone L,245000.0
2023,6,Blue smartphone L,245000.0
2023,7,Blue smartphone L,245000.0
2023,8,Blue smartphone L,245000.0
2023,9,Blue smartphone L,245000.0
2023,10,Blue smartphone L,245000.0
2023,11,Blue smartphone L,245000.0
2023,12,Blue smartphone L,245000.0
2024,1,Blue smartphone L,245000.0
2024,2,Blue smartphone L,245000.0
2024,3,Blue smartphone L,245000.0
2024,4,Blue smartphone L,245000.0
2024,5,Blue smartphone L,245000.0
2024,6,Blue smartphone L,245000.0
2024,7,Blue smartphone L,245000.0
2024,8,Blue smartphone L,245000.0
2024,9,Blue smartphone L,245000.0
2024,10,Blue smartphone L,245000.0
2024,11,Blue smartphone L,245000.0
2024,12,Blue smartphone L,245000.0
2025,1,Blue smartphone L,245000.0
2025,2,Blue smartphone L,245000.0
2025,3,Blue smartphone L,245000.0
2025,4,Blue smartphone L,245000.0
2025,5,Blue smartphone L,245000.0
2025,6,Blue smartphone L,245000.0
2025,7,Blue smartphone L,245000.0
2025,8,Blue smartphone L,245000.0
2023,5,Blue smartphone M,100000.0
2023,6,Blue smartphone M,100000.0
2023,7,Blue smartphone M,100000.0
2023,8,Blue smartphone M,100000.0
2023,9,Blue smartphone M,100000.0
2023,10,Blue smartphone M,100000.0
2023,11,Blue smartphone M,100000.0
2023,12,Blue smartphone M,100000.0
2024,1,Blue smartphone M,100000.0
2024,2,Blue smartphone M,100000.0
2024,3,Blue smartphone M,100000.0
2024,4,Blue smartphone M,100000.0
2024,5,Blue smartphone M,100000.0
2024,6,Blue smartphone M,100000.0
2024,7,Blue smartphone M,100000.0
2024,8,Blue smartphone M,100000.0
2024,9,Blue smartphone M,100000.0
2024,10,Blue smartphone M,100000.0
2024,11,Blue smartphone M,100000.0
2024,12,Blue smartphone M,100000.0
2025,1,Blue smartphone M,100000.0
2025,2,Blue smartphone M,100000.0
2025,3,Blue smartphone M,100000.0
2025,4,Blue smartphone M,100000.0
2025,5,Blue smartphone M,100000.0
2025,6,Blue smartphone M,100000.0
2025,7,Blue smartphone M,100000.0
2025,8,Blue smartphone M,100000.0
2023,5,Blue smartphone S,60000.0
2023,6,Blue smartphone S,60000.0
2023,7,Blue smartphone S,60000.0
2023,8,Blue smartphone S,60000.0
2023,9,Blue smartphone S,60000.0
2023,10,Blue smartphone S,60000.0
2023,11,Blue smartphone S,60000.0
2023,12,Blue smartphone S,60000.0
2024,1,Blue smartphone S,60000.0
2024,2,Blue smartphone S,60000.0
2024,3,Blue smartphone S,60000.0
2024,4,Blue smartphone S,60000.0
2024,5,Blue smartphone S,60000.0
2024,6,Blue smartphone S,60000.0
2024,7,Blue smartphone S,60000.0
2024,8,Blue smartphone S,60000.0
2024,9,Blue smartphone S,60000.0
2024,10,Blue smartphone S,60000.0
2024,11,Blue smartphone S,60000.0
2024,12,Blue smartphone S,60000.0
2025,1,Blue smartphone S,60000.0
2025,2,Blue smartphone S,60000.0
2025,3,Blue smartphone S,60000.0
2025,4,Blue smartphone S,60000.0
2025,5,Blue smartphone S,60000.0
2025,6,Blue smartphone S,60000.0
2025,7,Blue smartphone S,60000.0
2025,8,Blue smartphone S,60000.0
2023,5,Blue smartphone XL,355000.0
2023,6,Blue smartphone XL,355000.0
2023,7,Blue smartphone XL,355000.0
2023,8,Blue smartphone XL,355000.0
2023,9,Blue smartphone XL,355000.0
2023,10,Blue smartphone XL,355000.0
2023,11,Blue smartphone XL,355000.0
2023,12,Blue smartphone XL,355000.0
2024,1,Blue smartphone XL,355000.0
2024,2,Blue smartphone XL,355000.0
2024,3,Blue smartphone XL,355000.0
2024,4,Blue smartphone XL,355000.0
2024,5,Blue smartphone XL,355000.0
2024,6,Blue smartphone XL,355000.0
2024,7,Blue smartphone XL,355000.0
2024,8,Blue smartphone XL,355000.0
2024,9,Blue smartphone XL,355000.0
2024,10,Blue smartphone XL,355000.0
2024,11,Blue smartphone XL,355000.0
2024,12,Blue smartphone XL,355000.0
2025,1,Blue smartphone XL,355000.0
2025,2,Blue smartphone XL,355000.0
2025,3,Blue smartphone XL,355000.0
2025,4,Blue smartphone XL,355000.0
2025,5,Blue smartphone XL,355000.0
2025,6,Blue smartphone XL,355000.0
2025,7,Blue smartphone XL,355000.0
2025,8,Blue smartphone XL,355000.0
2023,5,CAMTEL MBOA L,245000.0
2023,6,CAMTEL MBOA L,245000.0
2023,7,CAMTEL MBOA L,245000.0
2023,8,CAMTEL MBOA L,245000.0
2023,9,CAMTEL MBOA L,245000.0
2023,10,CAMTEL MBOA L,245000.0
2023,11,CAMTEL MBOA L,245000.0
2023,12,CAMTEL MBOA L,245000.0
2024,1,CAMTEL MBOA L,245000.0
2024,2,CAMTEL MBOA L,245000.0
2024,3,CAMTEL MBOA L,245000.0
2024,4,CAMTEL MBOA L,245000.0
2024,5,CAMTEL MBOA L,245000.0
2024,6,CAMTEL MBOA L,245000.0
2024,7,CAMTEL MBOA L,245000.0
2024,8,CAMTEL MBOA L,245000.0
2024,9,CAMTEL MBOA L,245000.0
2024,10,CAMTEL MBOA L,245000.0
2024,11,CAMTEL MBOA L,245000.0
2024,12,CAMTEL MBOA L,245000.0
2025,1,CAMTEL MBOA L,245000.0
2025,2,CAMTEL MBOA L,245000.0
2025,3,CAMTEL MBOA L,245000.0
2025,4,CAMTEL MBOA L,245000.0
2025,5,CAMTEL MBOA L,245000.0
2025,6,CAMTEL MBOA L,245000.0
2025,7,CAMTEL MBOA L,245000.0
2025,8,CAMTEL MBOA L,245000.0
2023,5,CAMTEL MBOA M,100000.0
2023,6,CAMTEL MBOA M,100000.0
2023,7,CAMTEL MBOA M,100000.0
2023,8,CAMTEL MBOA M,100000.0
2023,9,CAMTEL MBOA M,100000.0
2023,10,CAMTEL MBOA M,100000.0
2023,11,CAMTEL MBOA M,100000.0
2023,12,CAMTEL MBOA M,100000.0
2024,1,CAMTEL MBOA M,100000.0
2024,2,CAMTEL MBOA M,100000.0
2024,3,CAMTEL MBOA M,100000.0
2024,4,CAMTEL MBOA M,100000.0
2024,5,CAMTEL MBOA M,100000.0
2024,6,CAMTEL MBOA M,100000.0
2024,7,CAMTEL MBOA M,100000.0
2024,8,CAMTEL MBOA M,100000.0
2024,9,CAMTEL MBOA M,100000.0
2024,10,CAMTEL MBOA M,100000.0
2024,11,CAMTEL MBOA M,100000.0
2024,12,CAMTEL MBOA M,100000.0
2025,1,CAMTEL MBOA M,100000.0
2025,2,CAMTEL MBOA M,100000.0
2025,3,CAMTEL MBOA M,100000.0
2025,4,CAMTEL MBOA M,100000.0
2025,5,CAMTEL MBOA M,100000.0
2025,6,CAMTEL MBOA M,100000.0
2025,7,CAMTEL MBOA M,100000.0
2025,8,CAMTEL MBOA M,100000.0
2023,5,CAMTEL MBOA S FTTx,60000.0
2023,6,CAMTEL MBOA S FTTx,60000.0
2023,7,CAMTEL MBOA S FTTx,60000.0
2023,8,CAMTEL MBOA S FTTx,60000.0
2023,9,CAMTEL MBOA S FTTx,60000.0
2023,10,CAMTEL MBOA S FTTx,60000.0
2023,11,CAMTEL MBOA S FTTx,60000.0
2023,12,CAMTEL MBOA S FTTx,60000.0
2024,1,CAMTEL MBOA S FTTx,60000.0
2024,2,CAMTEL MBOA S FTTx,60000.0
2024,3,CAMTEL MBOA S FTTx,60000.0
2024,4,CAMTEL MBOA S FTTx,60000.0
2024,5,CAMTEL MBOA S FTTx,60000.0
2024,6,CAMTEL MBOA S FTTx,60000.0
2024,7,CAMTEL MBOA S FTTx,60000.0
2024,8,CAMTEL MBOA S FTTx,60000.0
2024,9,CAMTEL MBOA S FTTx,60000.0
2024,10,CAMTEL MBOA S FTTx,60000.0
2024,11,CAMTEL MBOA S FTTx,60000.0
2024,12,CAMTEL MBOA S FTTx,60000.0
2025,1,CAMTEL MBOA S FTTx,60000.0
2025,2,CAMTEL MBOA S FTTx,60000.0
2025,3,CAMTEL MBOA S FTTx,60000.0
2025,4,CAMTEL MBOA S FTTx,60000.0
2025,5,CAMTEL MBOA S FTTx,60000.0
2025,6,CAMTEL MBOA S FTTx,60000.0
2025,7,CAMTEL MBOA S FTTx,60000.0
2025,8,CAMTEL MBOA S FTTx,60000.0
2023,5,CAMTEL MBOA XL,355000.0
2023,6,CAMTEL MBOA XL,355000.0
2023,7,CAMTEL MBOA XL,355000.0
2023,8,CAMTEL MBOA XL,355000.0
2023,9,CAMTEL MBOA XL,355000.0
2023,10,CAMTEL MBOA XL,355000.0
2023,11,CAMTEL MBOA XL,355000.0
2023,12,CAMTEL MBOA XL,355000.0
2024,1,CAMTEL MBOA XL,355000.0
2024,2,CAMTEL MBOA XL,355000.0
2024,3,CAMTEL MBOA XL,355000.0
2024,4,CAMTEL MBOA XL,355000.0
2024,5,CAMTEL MBOA XL,355000.0
2024,6,CAMTEL MBOA XL,355000.0
2024,7,CAMTEL MBOA XL,355000.0
2024,8,CAMTEL MBOA XL,355000.0
2024,9,CAMTEL MBOA XL,355000.0
2024,10,CAMTEL MBOA XL,355000.0
2024,11,CAMTEL MBOA XL,355000.0
2024,12,CAMTEL MBOA XL,355000.0
2025,1,CAMTEL MBOA XL,355000.0
2025,2,CAMTEL MBOA XL,355000.0
2025,3,CAMTEL MBOA XL,355000.0
2025,4,CAMTEL MBOA XL,355000.0
2025,5,CAMTEL MBOA XL,355000.0
2025,6,CAMTEL MBOA XL,355000.0
2025,7,CAMTEL MBOA XL,355000.0
2025,8,CAMTEL MBOA XL,355000.0
2023,5,DEAL,3000.0
2023,6,DEAL,3000.0
2023,7,DEAL,3000.0
2023,8,DEAL,3000.0
2023,9,DEAL,3000.0
2023,10,DEAL,3000.0
2023,11,DEAL,3000.0
2023,12,DEAL,3000.0
2024,1,DEAL,3000.0
2024,2,DEAL,3000.0
2024,3,DEAL,3000.0
2024,4,DEAL,3000.0
2024,5,DEAL,3000.0
2024,6,DEAL,3000.0
2024,7,DEAL,3000.0
2024,8,DEAL,3000.0
2024,9,DEAL,3000.0
2024,10,DEAL,3000.0
2024,11,DEAL,3000.0
2024,12,DEAL,3000.0
2025,1,DEAL,3000.0
2025,2,DEAL,3000.0
2025,3,DEAL,3000.0
2025,4,DEAL,3000.0
2025,5,DEAL,3000.0
2025,6,DEAL,3000.0
2025,7,DEAL,3000.0
2025,8,DEAL,3000.0
2023,5,ENJOY,35000.0
2023,6,ENJOY,35000.0
2023,7,ENJOY,35000.0
2023,8,ENJOY,35000.0
2023,9,ENJOY,35000.0
2023,10,ENJOY,35000.0
2023,11,ENJOY,35000.0
2023,12,ENJOY,35000.0
2024,1,ENJOY,35000.0
2024,2,ENJOY,35000.0
2024,3,ENJOY,35000.0
2024,4,ENJOY,35000.0
2024,5,ENJOY,35000.0
2024,6,ENJOY,35000.0
2024,7,ENJOY,35000.0
2024,8,ENJOY,35000.0
2024,9,ENJOY,35000.0
2024,10,ENJOY,35000.0
2024,11,ENJOY,35000.0
2024,12,ENJOY,35000.0
2025,1,ENJOY,35000.0
2025,2,ENJOY,35000.0
2025,3,ENJOY,35000.0
2025,4,ENJOY,35000.0
2025,5,ENJOY,35000.0
2025,6,ENJOY,35000.0
2025,7,ENJOY,35000.0
2025,8,ENJOY,35000.0
2023,5,FAKO Big Downloader,35000.0
2023,6,FAKO Big Downloader,35000.0
2023,7,FAKO Big Downloader,35000.0
2023,8,FAKO Big Downloader,35000.0
2023,9,FAKO Big Downloader,35000.0
2023,10,FAKO Big Downloader,35000.0
2023,11,FAKO Big Downloader,35000.0
2023,12,FAKO Big Downloader,35000.0
2024,1,FAKO Big Downloader,35000.0
2024,2,FAKO Big Downloader,35000.0
2024,3,FAKO Big Downloader,35000.0
2024,4,FAKO Big Downloader,35000.0
2024,5,FAKO Big Downloader,35000.0
2024,6,FAKO Big Downloader,35000.0
2024,7,FAKO Big Downloader,35000.0
2024,8,FAKO Big Downloader,35000.0
2024,9,FAKO Big Downloader,35000.0
2024,10,FAKO Big Downloader,35000.0
2024,11,FAKO Big Downloader,35000.0
2024,12,FAKO Big Downloader,35000.0
2025,1,FAKO Big Downloader,35000.0
2025,2,FAKO Big Downloader,35000.0
2025,3,FAKO Big Downloader,35000.0
2025,4,FAKO Big Downloader,35000.0
2025,5,FAKO Big Downloader,35000.0
2025,6,FAKO Big Downloader,35000.0
2025,7,FAKO Big Downloader,35000.0
2025,8,FAKO Big Downloader,35000.0
2023,5,FAKO CHATTER,6000.0
2023,6,FAKO CHATTER,6000.0
2023,7,FAKO CHATTER,6000.0
2023,8,FAKO CHATTER,6000.0
2023,9,FAKO CHATTER,6000.0
2023,10,FAKO CHATTER,6000.0
2023,11,FAKO CHATTER,6000.0
2023,12,FAKO CHATTER,6000.0
2024,1,FAKO CHATTER,6000.0
2024,2,FAKO CHATTER,6000.0
2024,3,FAKO CHATTER,6000.0
2024,4,FAKO CHATTER,6000.0
2024,5,FAKO CHATTER,6000.0
2024,6,FAKO CHATTER,6000.0
2024,7,FAKO CHATTER,6000.0
2024,8,FAKO CHATTER,6000.0
2024,9,FAKO CHATTER,6000.0
2024,10,FAKO CHATTER,6000.0
2024,11,FAKO CHATTER,6000.0
2024,12,FAKO CHATTER,6000.0
2025,1,FAKO CHATTER,6000.0
2025,2,FAKO CHATTER,6000.0
2025,3,FAKO CHATTER,6000.0
2025,4,FAKO CHATTER,6000.0
2025,5,FAKO CHATTER,6000.0
2025,6,FAKO CHATTER,6000.0
2025,7,FAKO CHATTER,6000.0
2025,8,FAKO CHATTER,6000.0
2023,5,FAKO DOWNLOADER,20000.0
2023,6,FAKO DOWNLOADER,20000.0
2023,7,FAKO DOWNLOADER,20000.0
2023,8,FAKO DOWNLOADER,20000.0
2023,9,FAKO DOWNLOADER,20000.0
2023,10,FAKO DOWNLOADER,20000.0
2023,11,FAKO DOWNLOADER,20000.0
2023,12,FAKO DOWNLOADER,20000.0
2024,1,FAKO DOWNLOADER,20000.0
2024,2,FAKO DOWNLOADER,20000.0
2024,3,FAKO DOWNLOADER,20000.0
2024,4,FAKO DOWNLOADER,20000.0
2024,5,FAKO DOWNLOADER,20000.0
2024,6,FAKO DOWNLOADER,20000.0
2024,7,FAKO DOWNLOADER,20000.0
2024,8,FAKO DOWNLOADER,20000.0
2024,9,FAKO DOWNLOADER,20000.0
2024,10,FAKO DOWNLOADER,20000.0
2024,11,FAKO DOWNLOADER,20000.0
2024,12,FAKO DOWNLOADER,20000.0
2025,1,FAKO DOWNLOADER,20000.0
2025,2,FAKO DOWNLOADER,20000.0
2025,3,FAKO DOWNLOADER,20000.0
2025,4,FAKO DOWNLOADER,20000.0
2025,5,FAKO DOWNLOADER,20000.0
2025,6,FAKO DOWNLOADER,20000.0
2025,7,FAKO DOWNLOADER,20000.0
2025,8,FAKO DOWNLOADER,20000.0
2023,5,FAKO Day Plus,500.0
2023,6,FAKO Day Plus,500.0
2023,7,FAKO Day Plus,500.0
2023,8,FAKO Day Plus,500.0
2023,9,FAKO Day Plus,500.0
2023,10,FAKO Day Plus,500.0
2023,11,FAKO Day Plus,500.0
2023,12,FAKO Day Plus,500.0
2024,1,FAKO Day Plus,500.0
2024,2,FAKO Day Plus,500.0
2024,3,FAKO Day Plus,500.0
2024,4,FAKO Day Plus,500.0
2024,5,FAKO Day Plus,500.0
2024,6,FAKO Day Plus,500.0
2024,7,FAKO Day Plus,500.0
2024,8,FAKO Day Plus,500.0
2024,9,FAKO Day Plus,500.0
2024,10,FAKO Day Plus,500.0
2024,11,FAKO Day Plus,500.0
2024,12,FAKO Day Plus,500.0
2025,1,FAKO Day Plus,500.0
2025,2,FAKO Day Plus,500.0
2025,3,FAKO Day Plus,500.0
2025,4,FAKO Day Plus,500.0
2025,5,FAKO Day Plus,500.0
2025,6,FAKO Day Plus,500.0
2025,7,FAKO Day Plus,500.0
2025,8,FAKO Day Plus,500.0
2023,5,FAKO Mini,100.0
2023,6,FAKO Mini,100.0
2023,7,FAKO Mini,100.0
2023,8,FAKO Mini,100.0
2023,9,FAKO Mini,100.0
2023,10,FAKO Mini,100.0
2023,11,FAKO Mini,100.0
2023,12,FAKO Mini,100.0
2024,1,FAKO Mini,100.0
2024,2,FAKO Mini,100.0
2024,3,FAKO Mini,100.0
2024,4,FAKO Mini,100.0
2024,5,FAKO Mini,100.0
2024,6,FAKO Mini,100.0
2024,7,FAKO Mini,100.0
2024,8,FAKO Mini,100.0
2024,9,FAKO Mini,100.0
2024,10,FAKO Mini,100.0
2024,11,FAKO Mini,100.0
2024,12,FAKO Mini,100.0
2025,1,FAKO Mini,100.0
2025,2,FAKO Mini,100.0
2025,3,FAKO Mini,100.0
2025,4,FAKO Mini,100.0
2025,5,FAKO Mini,100.0
2025,6,FAKO Mini,100.0
2025,7,FAKO Mini,100.0
2025,8,FAKO Mini,100.0
2023,5,FAKO Pack One_Volume,20000.0
2023,6,FAKO Pack One_Volume,20000.0
2023,7,FAKO Pack One_Volume,20000.0
2023,8,FAKO Pack One_Volume,20000.0
2023,9,FAKO Pack One_Volume,20000.0
2023,10,FAKO Pack One_Volume,20000.0
2023,11,FAKO Pack One_Volume,20000.0
2023,12,FAKO Pack One_Volume,20000.0
2024,1,FAKO Pack One_Volume,20000.0
2024,2,FAKO Pack One_Volume,20000.0
2024,3,FAKO Pack One_Volume,20000.0
2024,4,FAKO Pack One_Volume,20000.0
2024,5,FAKO Pack One_Volume,20000.0
2024,6,FAKO Pack One_Volume,20000.0
2024,7,FAKO Pack One_Volume,20000.0
2024,8,FAKO Pack One_Volume,20000.0
2024,9,FAKO Pack One_Volume,20000.0
2024,10,FAKO Pack One_Volume,20000.0
2024,11,FAKO Pack One_Volume,20000.0
2024,12,FAKO Pack One_Volume,20000.0
2025,1,FAKO Pack One_Volume,20000.0
2025,2,FAKO Pack One_Volume,20000.0
2025,3,FAKO Pack One_Volume,20000.0
2025,4,FAKO Pack One_Volume,20000.0
2025,5,FAKO Pack One_Volume,20000.0
2025,6,FAKO Pack One_Volume,20000.0
2025,7,FAKO Pack One_Volume,20000.0
2025,8,FAKO Pack One_Volume,20000.0
2023,5,FAKO Pack Two_Volume,35000.0
2023,6,FAKO Pack Two_Volume,35000.0
2023,7,FAKO Pack Two_Volume,35000.0
2023,8,FAKO Pack Two_Volume,35000.0
2023,9,FAKO Pack Two_Volume,35000.0
2023,10,FAKO Pack Two_Volume,35000.0
2023,11,FAKO Pack Two_Volume,35000.0
2023,12,FAKO Pack Two_Volume,35000.0
2024,1,FAKO Pack Two_Volume,35000.0
2024,2,FAKO Pack Two_Volume,35000.0
2024,3,FAKO Pack Two_Volume,35000.0
2024,4,FAKO Pack Two_Volume,35000.0
2024,5,FAKO Pack Two_Volume,35000.0
2024,6,FAKO Pack Two_Volume,35000.0
2024,7,FAKO Pack Two_Volume,35000.0
2024,8,FAKO Pack Two_Volume,35000.0
2024,9,FAKO Pack Two_Volume,35000.0
2024,10,FAKO Pack Two_Volume,35000.0
2024,11,FAKO Pack Two_Volume,35000.0
2024,12,FAKO Pack Two_Volume,35000.0
2025,1,FAKO Pack Two_Volume,35000.0
2025,2,FAKO Pack Two_Volume,35000.0
2025,3,FAKO Pack Two_Volume,35000.0
2025,4,FAKO Pack Two_Volume,35000.0
2025,5,FAKO Pack Two_Volume,35000.0
2025,6,FAKO Pack Two_Volume,35000.0
2025,7,FAKO Pack Two_Volume,35000.0
2025,8,FAKO Pack Two_Volume,35000.0
2023,5,FAKO STREAMER,12000.0
2023,6,FAKO STREAMER,12000.0
2023,7,FAKO STREAMER,12000.0
2023,8,FAKO STREAMER,12000.0
2023,9,FAKO STREAMER,12000.0
2023,10,FAKO STREAMER,12000.0
2023,11,FAKO STREAMER,12000.0
2023,12,FAKO STREAMER,12000.0
2024,1,FAKO STREAMER,12000.0
2024,2,FAKO STREAMER,12000.0
2024,3,FAKO STREAMER,12000.0
2024,4,FAKO STREAMER,12000.0
2024,5,FAKO STREAMER,12000.0
2024,6,FAKO STREAMER,12000.0
2024,7,FAKO STREAMER,12000.0
2024,8,FAKO STREAMER,12000.0
2024,9,FAKO STREAMER,12000.0
2024,10,FAKO STREAMER,12000.0
2024,11,FAKO STREAMER,12000.0
2024,12,FAKO STREAMER,12000.0
2025,1,FAKO STREAMER,12000.0
2025,2,FAKO STREAMER,12000.0
2025,3,FAKO STREAMER,12000.0
2025,4,FAKO STREAMER,12000.0
2025,5,FAKO STREAMER,12000.0
2025,6,FAKO STREAMER,12000.0
2025,7,FAKO STREAMER,12000.0
2025,8,FAKO STREAMER,12000.0
2023,5,FAKO WEEK,5000.0
2023,6,FAKO WEEK,5000.0
2023,7,FAKO WEEK,5000.0
2023,8,FAKO WEEK,5000.0
2023,9,FAKO WEEK,5000.0
2023,10,FAKO WEEK,5000.0
2023,11,FAKO WEEK,5000.0
2023,12,FAKO WEEK,5000.0
2024,1,FAKO WEEK,5000.0
2024,2,FAKO WEEK,5000.0
2024,3,FAKO WEEK,5000.0
2024,4,FAKO WEEK,5000.0
2024,5,FAKO WEEK,5000.0
2024,6,FAKO WEEK,5000.0
2024,7,FAKO WEEK,5000.0
2024,8,FAKO WEEK,5000.0
2024,9,FAKO WEEK,5000.0
2024,10,FAKO WEEK,5000.0
2024,11,FAKO WEEK,5000.0
2024,12,FAKO WEEK,5000.0
2025,1,FAKO WEEK,5000.0
2025,2,FAKO WEEK,5000.0
2025,3,FAKO WEEK,5000.0
2025,4,FAKO WEEK,5000.0
2025,5,FAKO WEEK,5000.0
2025,6,FAKO WEEK,5000.0
2025,7,FAKO WEEK,5000.0
2025,8,FAKO WEEK,5000.0
2023,5,MBOA L 50000,50000.0
2023,6,MBOA L 50000,50000.0
2023,7,MBOA L 50000,50000.0
2023,8,MBOA L 50000,50000.0
2023,9,MBOA L 50000,50000.0
2023,10,MBOA L 50000,50000.0
2023,11,MBOA L 50000,50000.0
2023,12,MBOA L 50000,50000.0
2024,1,MBOA L 50000,50000.0
2024,2,MBOA L 50000,50000.0
2024,3,MBOA L 50000,50000.0
2024,4,MBOA L 50000,50000.0
2024,5,MBOA L 50000,50000.0
2024,6,MBOA L 50000,50000.0
2024,7,MBOA L 50000,50000.0
2024,8,MBOA L 50000,50000.0
2024,9,MBOA L 50000,50000.0
2024,10,MBOA L 50000,50000.0
2024,11,MBOA L 50000,50000.0
2024,12,MBOA L 50000,50000.0
2025,1,MBOA L 50000,50000.0
2025,2,MBOA L 50000,50000.0
2025,3,MBOA L 50000,50000.0
2025,4,MBOA L 50000,50000.0
2025,5,MBOA L 50000,50000.0
2025,6,MBOA L 50000,50000.0
2025,7,MBOA L 50000,50000.0
2025,8,MBOA L 50000,50000.0
2023,5,MBOA M 35000,35000.0
2023,6,MBOA M 35000,35000.0
2023,7,MBOA M 35000,35000.0
2023,8,MBOA M 35000,35000.0
2023,9,MBOA M 35000,35000.0
2023,10,MBOA M 35000,35000.0
2023,11,MBOA M 35000,35000.0
2023,12,MBOA M 35000,35000.0
2024,1,MBOA M 35000,35000.0
2024,2,MBOA M 35000,35000.0
2024,3,MBOA M 35000,35000.0
2024,4,MBOA M 35000,35000.0
2024,5,MBOA M 35000,35000.0
2024,6,MBOA M 35000,35000.0
2024,7,MBOA M 35000,35000.0
2024,8,MBOA M 35000,35000.0
2024,9,MBOA M 35000,35000.0
2024,10,MBOA M 35000,35000.0
2024,11,MBOA M 35000,35000.0
2024,12,MBOA M 35000,35000.0
2025,1,MBOA M 35000,35000.0
2025,2,MBOA M 35000,35000.0
2025,3,MBOA M 35000,35000.0
2025,4,MBOA M 35000,35000.0
2025,5,MBOA M 35000,35000.0
2025,6,MBOA M 35000,35000.0
2025,7,MBOA M 35000,35000.0
2025,8,MBOA M 35000,35000.0
2023,5,MBOA S 25000,25000.0
2023,6,MBOA S 25000,25000.0
2023,7,MBOA S 25000,25000.0
2023,8,MBOA S 25000,25000.0
2023,9,MBOA S 25000,25000.0
2023,10,MBOA S 25000,25000.0
2023,11,MBOA S 25000,25000.0
2023,12,MBOA S 25000,25000.0
2024,1,MBOA S 25000,25000.0
2024,2,MBOA S 25000,25000.0
2024,3,MBOA S 25000,25000.0
2024,4,MBOA S 25000,25000.0
2024,5,MBOA S 25000,25000.0
2024,6,MBOA S 25000,25000.0
2024,7,MBOA S 25000,25000.0
2024,8,MBOA S 25000,25000.0
2024,9,MBOA S 25000,25000.0
2024,10,MBOA S 25000,25000.0
2024,11,MBOA S 25000,25000.0
2024,12,MBOA S 25000,25000.0
2025,1,MBOA S 25000,25000.0
2025,2,MBOA S 25000,25000.0
2025,3,MBOA S 25000,25000.0
2025,4,MBOA S 25000,25000.0
2025,5,MBOA S 25000,25000.0
2025,6,MBOA S 25000,25000.0
2025,7,MBOA S 25000,25000.0
2025,8,MBOA S 25000,25000.0
2023,5,MBOA XL 60000,60000.0
2023,6,MBOA XL 60000,60000.0
2023,7,MBOA XL 60000,60000.0
2023,8,MBOA XL 60000,60000.0
2023,9,MBOA XL 60000,60000.0
2023,10,MBOA XL 60000,60000.0
2023,11,MBOA XL 60000,60000.0
2023,12,MBOA XL 60000,60000.0
2024,1,MBOA XL 60000,60000.0
2024,2,MBOA XL 60000,60000.0
2024,3,MBOA XL 60000,60000.0
2024,4,MBOA XL 60000,60000.0
2024,5,MBOA XL 60000,60000.0
2024,6,MBOA XL 60000,60000.0
2024,7,MBOA XL 60000,60000.0
2024,8,MBOA XL 60000,60000.0
2024,9,MBOA XL 60000,60000.0
2024,10,MBOA XL 60000,60000.0
2024,11,MBOA XL 60000,60000.0
2024,12,MBOA XL 60000,60000.0
2025,1,MBOA XL 60000,60000.0
2025,2,MBOA XL 60000,60000.0
2025,3,MBOA XL 60000,60000.0
2025,4,MBOA XL 60000,60000.0
2025,5,MBOA XL 60000,60000.0
2025,6,MBOA XL 60000,60000.0
2025,7,MBOA XL 60000,60000.0
2025,8,MBOA XL 60000,60000.0
2023,5,MBOA_ACCESS,14900.0
2023,6,MBOA_ACCESS,14900.0
2023,7,MBOA_ACCESS,14900.0
2023,8,MBOA_ACCESS,14900.0
2023,9,MBOA_ACCESS,14900.0
2023,10,MBOA_ACCESS,14900.0
2023,11,MBOA_ACCESS,14900.0
2023,12,MBOA_ACCESS,14900.0
2024,1,MBOA_ACCESS,14900.0
2024,2,MBOA_ACCESS,14900.0
2024,3,MBOA_ACCESS,14900.0
2024,4,MBOA_ACCESS,14900.0
2024,5,MBOA_ACCESS,14900.0
2024,6,MBOA_ACCESS,14900.0
2024,7,MBOA_ACCESS,14900.0
2024,8,MBOA_ACCESS,14900.0
2024,9,MBOA_ACCESS,14900.0
2024,10,MBOA_ACCESS,14900.0
2024,11,MBOA_ACCESS,14900.0
2024,12,MBOA_ACCESS,14900.0
2025,1,MBOA_ACCESS,14900.0
2025,2,MBOA_ACCESS,14900.0
2025,3,MBOA_ACCESS,14900.0
2025,4,MBOA_ACCESS,14900.0
2025,5,MBOA_ACCESS,14900.0
2025,6,MBOA_ACCESS,14900.0
2025,7,MBOA_ACCESS,14900.0
2025,8,MBOA_ACCESS,14900.0
2023,5,MBOA_ELITE,56900.0
2023,6,MBOA_ELITE,56900.0
2023,7,MBOA_ELITE,56900.0
2023,8,MBOA_ELITE,56900.0
2023,9,MBOA_ELITE,56900.0
2023,10,MBOA_ELITE,56900.0
2023,11,MBOA_ELITE,56900.0
2023,12,MBOA_ELITE,56900.0
2024,1,MBOA_ELITE,56900.0
2024,2,MBOA_ELITE,56900.0
2024,3,MBOA_ELITE,56900.0
2024,4,MBOA_ELITE,56900.0
2024,5,MBOA_ELITE,56900.0
2024,6,MBOA_ELITE,56900.0
2024,7,MBOA_ELITE,56900.0
2024,8,MBOA_ELITE,56900.0
2024,9,MBOA_ELITE,56900.0
2024,10,MBOA_ELITE,56900.0
2024,11,MBOA_ELITE,56900.0
2024,12,MBOA_ELITE,56900.0
2025,1,MBOA_ELITE,56900.0
2025,2,MBOA_ELITE,56900.0
2025,3,MBOA_ELITE,56900.0
2025,4,MBOA_ELITE,56900.0
2025,5,MBOA_ELITE,56900.0
2025,6,MBOA_ELITE,56900.0
2025,7,MBOA_ELITE,56900.0
2025,8,MBOA_ELITE,56900.0
2023,5,MBOA_PREMIUM,29900.0
2023,6,MBOA_PREMIUM,29900.0
2023,7,MBOA_PREMIUM,29900.0
2023,8,MBOA_PREMIUM,29900.0
2023,9,MBOA_PREMIUM,29900.0
2023,10,MBOA_PREMIUM,29900.0
2023,11,MBOA_PREMIUM,29900.0
2023,12,MBOA_PREMIUM,29900.0
2024,1,MBOA_PREMIUM,29900.0
2024,2,MBOA_PREMIUM,29900.0
2024,3,MBOA_PREMIUM,29900.0
2024,4,MBOA_PREMIUM,29900.0
2024,5,MBOA_PREMIUM,29900.0
2024,6,MBOA_PREMIUM,29900.0
2024,7,MBOA_PREMIUM,29900.0
2024,8,MBOA_PREMIUM,29900.0
2024,9,MBOA_PREMIUM,29900.0
2024,10,MBOA_PREMIUM,29900.0
2024,11,MBOA_PREMIUM,29900.0
2024,12,MBOA_PREMIUM,29900.0
2025,1,MBOA_PREMIUM,29900.0
2025,2,MBOA_PREMIUM,29900.0
2025,3,MBOA_PREMIUM,29900.0
2025,4,MBOA_PREMIUM,29900.0
2025,5,MBOA_PREMIUM,29900.0
2025,6,MBOA_PREMIUM,29900.0
2025,7,MBOA_PREMIUM,29900.0
2025,8,MBOA_PREMIUM,29900.0
2023,5,Pack XTREM ACCESS_VOLUME,19900.0
2023,6,Pack XTREM ACCESS_VOLUME,19900.0
2023,7,Pack XTREM ACCESS_VOLUME,19900.0
2023,8,Pack XTREM ACCESS_VOLUME,19900.0
2023,9,Pack XTREM ACCESS_VOLUME,19900.0
2023,10,Pack XTREM ACCESS_VOLUME,19900.0
2023,11,Pack XTREM ACCESS_VOLUME,19900.0
2023,12,Pack XTREM ACCESS_VOLUME,19900.0
2024,1,Pack XTREM ACCESS_VOLUME,19900.0
2024,2,Pack XTREM ACCESS_VOLUME,19900.0
2024,3,Pack XTREM ACCESS_VOLUME,19900.0
2024,4,Pack XTREM ACCESS_VOLUME,19900.0
2024,5,Pack XTREM ACCESS_VOLUME,19900.0
2024,6,Pack XTREM ACCESS_VOLUME,19900.0
2024,7,Pack XTREM ACCESS_VOLUME,19900.0
2024,8,Pack XTREM ACCESS_VOLUME,19900.0
2024,9,Pack XTREM ACCESS_VOLUME,19900.0
2024,10,Pack XTREM ACCESS_VOLUME,19900.0
2024,11,Pack XTREM ACCESS_VOLUME,19900.0
2024,12,Pack XTREM ACCESS_VOLUME,19900.0
2025,1,Pack XTREM ACCESS_VOLUME,19900.0
2025,2,Pack XTREM ACCESS_VOLUME,19900.0
2025,3,Pack XTREM ACCESS_VOLUME,19900.0
2025,4,Pack XTREM ACCESS_VOLUME,19900.0
2025,5,Pack XTREM ACCESS_VOLUME,19900.0
2025,6,Pack XTREM ACCESS_VOLUME,19900.0
2025,7,Pack XTREM ACCESS_VOLUME,19900.0
2025,8,Pack XTREM ACCESS_VOLUME,19900.0
2023,5,Pack XTREM WELCOME_VOLUME,500.0
2023,6,Pack XTREM WELCOME_VOLUME,500.0
2023,7,Pack XTREM WELCOME_VOLUME,500.0
2023,8,Pack XTREM WELCOME_VOLUME,500.0
2023,9,Pack XTREM WELCOME_VOLUME,500.0
2023,10,Pack XTREM WELCOME_VOLUME,500.0
2023,11,Pack XTREM WELCOME_VOLUME,500.0
2023,12,Pack XTREM WELCOME_VOLUME,500.0
2024,1,Pack XTREM WELCOME_VOLUME,500.0
2024,2,Pack XTREM WELCOME_VOLUME,500.0
2024,3,Pack XTREM WELCOME_VOLUME,500.0
2024,4,Pack XTREM WELCOME_VOLUME,500.0
2024,5,Pack XTREM WELCOME_VOLUME,500.0
2024,6,Pack XTREM WELCOME_VOLUME,500.0
2024,7,Pack XTREM WELCOME_VOLUME,500.0
2024,8,Pack XTREM WELCOME_VOLUME,500.0
2024,9,Pack XTREM WELCOME_VOLUME,500.0
2024,10,Pack XTREM WELCOME_VOLUME,500.0
2024,11,Pack XTREM WELCOME_VOLUME,500.0
2024,12,Pack XTREM WELCOME_VOLUME,500.0
2025,1,Pack XTREM WELCOME_VOLUME,500.0
2025,2,Pack XTREM WELCOME_VOLUME,500.0
2025,3,Pack XTREM WELCOME_VOLUME,500.0
2025,4,Pack XTREM WELCOME_VOLUME,500.0
2025,5,Pack XTREM WELCOME_VOLUME,500.0
2025,6,Pack XTREM WELCOME_VOLUME,500.0
2025,7,Pack XTREM WELCOME_VOLUME,500.0
2025,8,Pack XTREM WELCOME_VOLUME,500.0
2023,5,Toli Single L,10000.0
2023,6,Toli Single L,10000.0
2023,7,Toli Single L,10000.0
2023,8,Toli Single L,10000.0
2023,9,Toli Single L,10000.0
2023,10,Toli Single L,10000.0
2023,11,Toli Single L,10000.0
2023,12,Toli Single L,10000.0
2024,1,Toli Single L,10000.0
2024,2,Toli Single L,10000.0
2024,3,Toli Single L,10000.0
2024,4,Toli Single L,10000.0
2024,5,Toli Single L,10000.0
2024,6,Toli Single L,10000.0
2024,7,Toli Single L,10000.0
2024,8,Toli Single L,10000.0
2024,9,Toli Single L,10000.0
2024,10,Toli Single L,10000.0
2024,11,Toli Single L,10000.0
2024,12,Toli Single L,10000.0
2025,1,Toli Single L,10000.0
2025,2,Toli Single L,10000.0
2025,3,Toli Single L,10000.0
2025,4,Toli Single L,10000.0
2025,5,Toli Single L,10000.0
2025,6,Toli Single L,10000.0
2025,7,Toli Single L,10000.0
2025,8,Toli Single L,10000.0
2023,5,Toli Single M,5000.0
2023,6,Toli Single M,5000.0
2023,7,Toli Single M,5000.0
2023,8,Toli Single M,5000.0
2023,9,Toli Single M,5000.0
2023,10,Toli Single M,5000.0
2023,11,Toli Single M,5000.0
2023,12,Toli Single M,5000.0
2024,1,Toli Single M,5000.0
2024,2,Toli Single M,5000.0
2024,3,Toli Single M,5000.0
2024,4,Toli Single M,5000.0
2024,5,Toli Single M,5000.0
2024,6,Toli Single M,5000.0
2024,7,Toli Single M,5000.0
2024,8,Toli Single M,5000.0
2024,9,Toli Single M,5000.0
2024,10,Toli Single M,5000.0
2024,11,Toli Single M,5000.0
2024,12,Toli Single M,5000.0
2025,1,Toli Single M,5000.0
2025,2,Toli Single M,5000.0
2025,3,Toli Single M,5000.0
2025,4,Toli Single M,5000.0
2025,5,Toli Single M,5000.0
2025,6,Toli Single M,5000.0
2025,7,Toli Single M,5000.0
2025,8,Toli Single M,5000.0
2023,5,Toli Single S,2000.0
2023,6,Toli Single S,2000.0
2023,7,Toli Single S,2000.0
2023,8,Toli Single S,2000.0
2023,9,Toli Single S,2000.0
2023,10,Toli Single S,2000.0
2023,11,Toli Single S,2000.0
2023,12,Toli Single S,2000.0
2024,1,Toli Single S,2000.0
2024,2,Toli Single S,2000.0
2024,3,Toli Single S,2000.0
2024,4,Toli Single S,2000.0
2024,5,Toli Single S,2000.0
2024,6,Toli Single S,2000.0
2024,7,Toli Single S,2000.0
2024,8,Toli Single S,2000.0
2024,9,Toli Single S,2000.0
2024,10,Toli Single S,2000.0
2024,11,Toli Single S,2000.0
2024,12,Toli Single S,2000.0
2025,1,Toli Single S,2000.0
2025,2,Toli Single S,2000.0
2025,3,Toli Single S,2000.0
2025,4,Toli Single S,2000.0
2025,5,Toli Single S,2000.0
2025,6,Toli Single S,2000.0
2025,7,Toli Single S,2000.0
2025,8,Toli Single S,2000.0
2023,5,Toli Single XL,20000.0
2023,6,Toli Single XL,20000.0
2023,7,Toli Single XL,20000.0
2023,8,Toli Single XL,20000.0
2023,9,Toli Single XL,20000.0
2023,10,Toli Single XL,20000.0
2023,11,Toli Single XL,20000.0
2023,12,Toli Single XL,20000.0
2024,1,Toli Single XL,20000.0
2024,2,Toli Single XL,20000.0
2024,3,Toli Single XL,20000.0
2024,4,Toli Single XL,20000.0
2024,5,Toli Single XL,20000.0
2024,6,Toli Single XL,20000.0
2024,7,Toli Single XL,20000.0
2024,8,Toli Single XL,20000.0
2024,9,Toli Single XL,20000.0
2024,10,Toli Single XL,20000.0
2024,11,Toli Single XL,20000.0
2024,12,Toli Single XL,20000.0
2025,1,Toli Single XL,20000.0
2025,2,Toli Single XL,20000.0
2025,3,Toli Single XL,20000.0
2025,4,Toli Single XL,20000.0
2025,5,Toli Single XL,20000.0
2025,6,Toli Single XL,20000.0
2025,7,Toli Single XL,20000.0
2025,8,Toli Single XL,20000.0
2023,5,Toli Single XS,500.0
2023,6,Toli Single XS,500.0
2023,7,Toli Single XS,500.0
2023,8,Toli Single XS,500.0
2023,9,Toli Single XS,500.0
2023,10,Toli Single XS,500.0
2023,11,Toli Single XS,500.0
2023,12,Toli Single XS,500.0
2024,1,Toli Single XS,500.0
2024,2,Toli Single XS,500.0
2024,3,Toli Single XS,500.0
2024,4,Toli Single XS,500.0
2024,5,Toli Single XS,500.0
2024,6,Toli Single XS,500.0
2024,7,Toli Single XS,500.0
2024,8,Toli Single XS,500.0
2024,9,Toli Single XS,500.0
2024,10,Toli Single XS,500.0
2024,11,Toli Single XS,500.0
2024,12,Toli Single XS,500.0
2025,1,Toli Single XS,500.0
2025,2,Toli Single XS,500.0
2025,3,Toli Single XS,500.0
2025,4,Toli Single XS,500.0
2025,5,Toli Single XS,500.0
2025,6,Toli Single XS,500.0
2025,7,Toli Single XS,500.0
2025,8,Toli Single XS,500.0
2023,5,Toli Single XXL,35000.0
2023,6,Toli Single XXL,35000.0
2023,7,Toli Single XXL,35000.0
2023,8,Toli Single XXL,35000.0
2023,9,Toli Single XXL,35000.0
2023,10,Toli Single XXL,35000.0
2023,11,Toli Single XXL,35000.0
2023,12,Toli Single XXL,35000.0
2024,1,Toli Single XXL,35000.0
2024,2,Toli Single XXL,35000.0
2024,3,Toli Single XXL,35000.0
2024,4,Toli Single XXL,35000.0
2024,5,Toli Single XXL,35000.0
2024,6,Toli Single XXL,35000.0
2024,7,Toli Single XXL,35000.0
2024,8,Toli Single XXL,35000.0
2024,9,Toli Single XXL,35000.0
2024,10,Toli Single XXL,35000.0
2024,11,Toli Single XXL,35000.0
2024,12,Toli Single XXL,35000.0
2025,1,Toli Single XXL,35000.0
2025,2,Toli Single XXL,35000.0
2025,3,Toli Single XXL,35000.0
2025,4,Toli Single XXL,35000.0
2025,5,Toli Single XXL,35000.0
2025,6,Toli Single XXL,35000.0
2025,7,Toli Single XXL,35000.0
2025,8,Toli Single XXL,35000.0
2023,5,X-BUSINESS,35000.0
2023,6,X-BUSINESS,35000.0
2023,7,X-BUSINESS,35000.0
2023,8,X-BUSINESS,35000.0
2023,9,X-BUSINESS,35000.0
2023,10,X-BUSINESS,35000.0
2023,11,X-BUSINESS,35000.0
2023,12,X-BUSINESS,35000.0
2024,1,X-BUSINESS,35000.0
2024,2,X-BUSINESS,35000.0
2024,3,X-BUSINESS,35000.0
2024,4,X-BUSINESS,35000.0
2024,5,X-BUSINESS,35000.0
2024,6,X-BUSINESS,35000.0
2024,7,X-BUSINESS,35000.0
2024,8,X-BUSINESS,35000.0
2024,9,X-BUSINESS,35000.0
2024,10,X-BUSINESS,35000.0
2024,11,X-BUSINESS,35000.0
2024,12,X-BUSINESS,35000.0
2025,1,X-BUSINESS,35000.0
2025,2,X-BUSINESS,35000.0
2025,3,X-BUSINESS,35000.0
2025,4,X-BUSINESS,35000.0
2025,5,X-BUSINESS,35000.0
2025,6,X-BUSINESS,35000.0
2025,7,X-BUSINESS,35000.0
2025,8,X-BUSINESS,35000.0
2023,5,X-DAY,1000.0
2023,6,X-DAY,1000.0
2023,7,X-DAY,1000.0
2023,8,X-DAY,1000.0
2023,9,X-DAY,1000.0
2023,10,X-DAY,1000.0
2023,11,X-DAY,1000.0
2023,12,X-DAY,1000.0
2024,1,X-DAY,1000.0
2024,2,X-DAY,1000.0
2024,3,X-DAY,1000.0
2024,4,X-DAY,1000.0
2024,5,X-DAY,1000.0
2024,6,X-DAY,1000.0
2024,7,X-DAY,1000.0
2024,8,X-DAY,1000.0
2024,9,X-DAY,1000.0
2024,10,X-DAY,1000.0
2024,11,X-DAY,1000.0
2024,12,X-DAY,1000.0
2025,1,X-DAY,1000.0
2025,2,X-DAY,1000.0
2025,3,X-DAY,1000.0
2025,4,X-DAY,1000.0
2025,5,X-DAY,1000.0
2025,6,X-DAY,1000.0
2025,7,X-DAY,1000.0
2025,8,X-DAY,1000.0
2023,5,X-PREMIUM,20000.0
2023,6,X-PREMIUM,20000.0
2023,7,X-PREMIUM,20000.0
2023,8,X-PREMIUM,20000.0
2023,9,X-PREMIUM,20000.0
2023,10,X-PREMIUM,20000.0
2023,11,X-PREMIUM,20000.0
2023,12,X-PREMIUM,20000.0
2024,1,X-PREMIUM,20000.0
2024,2,X-PREMIUM,20000.0
2024,3,X-PREMIUM,20000.0
2024,4,X-PREMIUM,20000.0
2024,5,X-PREMIUM,20000.0
2024,6,X-PREMIUM,20000.0
2024,7,X-PREMIUM,20000.0
2024,8,X-PREMIUM,20000.0
2024,9,X-PREMIUM,20000.0
2024,10,X-PREMIUM,20000.0
2024,11,X-PREMIUM,20000.0
2024,12,X-PREMIUM,20000.0
2025,1,X-PREMIUM,20000.0
2025,2,X-PREMIUM,20000.0
2025,3,X-PREMIUM,20000.0
2025,4,X-PREMIUM,20000.0
2025,5,X-PREMIUM,20000.0
2025,6,X-PREMIUM,20000.0
2025,7,X-PREMIUM,20000.0
2025,8,X-PREMIUM,20000.0
2023,5,X-STARTER,10000.0
2023,6,X-STARTER,10000.0
2023,7,X-STARTER,10000.0
2023,8,X-STARTER,10000.0
2023,9,X-STARTER,10000.0
2023,10,X-STARTER,10000.0
2023,11,X-STARTER,10000.0
2023,12,X-STARTER,10000.0
2024,1,X-STARTER,10000.0
2024,2,X-STARTER,10000.0
2024,3,X-STARTER,10000.0
2024,4,X-STARTER,10000.0
2024,5,X-STARTER,10000.0
2024,6,X-STARTER,10000.0
2024,7,X-STARTER,10000.0
2024,8,X-STARTER,10000.0
2024,9,X-STARTER,10000.0
2024,10,X-STARTER,10000.0
2024,11,X-STARTER,10000.0
2024,12,X-STARTER,10000.0
2025,1,X-STARTER,10000.0
2025,2,X-STARTER,10000.0
2025,3,X-STARTER,10000.0
2025,4,X-STARTER,10000.0
2025,5,X-STARTER,10000.0
2025,6,X-STARTER,10000.0
2025,7,X-STARTER,10000.0
2025,8,X-STARTER,10000.0
2023,5,X-WEEK,5000.0
2023,6,X-WEEK,5000.0
2023,7,X-WEEK,5000.0
2023,8,X-WEEK,5000.0
2023,9,X-WEEK,5000.0
2023,10,X-WEEK,5000.0
2023,11,X-WEEK,5000.0
2023,12,X-WEEK,5000.0
2024,1,X-WEEK,5000.0
2024,2,X-WEEK,5000.0
2024,3,X-WEEK,5000.0
2024,4,X-WEEK,5000.0
2024,5,X-WEEK,5000.0
2024,6,X-WEEK,5000.0
2024,7,X-WEEK,5000.0
2024,8,X-WEEK,5000.0
2024,9,X-WEEK,5000.0
2024,10,X-WEEK,5000.0
2024,11,X-WEEK,5000.0
2024,12,X-WEEK,5000.0
2025,1,X-WEEK,5000.0
2025,2,X-WEEK,5000.0
2025,3,X-WEEK,5000.0
2025,4,X-WEEK,5000.0
2025,5,X-WEEK,5000.0
2025,6,X-WEEK,5000.0
2025,7,X-WEEK,5000.0
2025,8,X-WEEK,5000.0
2023,5,X-tremNet+50 Go_CAMTEL,20000.0
2023,6,X-tremNet+50 Go_CAMTEL,20000.0
2023,7,X-tremNet+50 Go_CAMTEL,20000.0
2023,8,X-tremNet+50 Go_CAMTEL,20000.0
2023,9,X-tremNet+50 Go_CAMTEL,20000.0
2023,10,X-tremNet+50 Go_CAMTEL,20000.0
2023,11,X-tremNet+50 Go_CAMTEL,20000.0
2023,12,X-tremNet+50 Go_CAMTEL,20000.0
2024,1,X-tremNet+50 Go_CAMTEL,20000.0
2024,2,X-tremNet+50 Go_CAMTEL,20000.0
2024,3,X-tremNet+50 Go_CAMTEL,20000.0
2024,4,X-tremNet+50 Go_CAMTEL,20000.0
2024,5,X-tremNet+50 Go_CAMTEL,20000.0
2024,6,X-tremNet+50 Go_CAMTEL,20000.0
2024,7,X-tremNet+50 Go_CAMTEL,20000.0
2024,8,X-tremNet+50 Go_CAMTEL,20000.0
2024,9,X-tremNet+50 Go_CAMTEL,20000.0
2024,10,X-tremNet+50 Go_CAMTEL,20000.0
2024,11,X-tremNet+50 Go_CAMTEL,20000.0
2024,12,X-tremNet+50 Go_CAMTEL,20000.0
2025,1,X-tremNet+50 Go_CAMTEL,20000.0
2025,2,X-tremNet+50 Go_CAMTEL,20000.0
2025,3,X-tremNet+50 Go_CAMTEL,20000.0
2025,4,X-tremNet+50 Go_CAMTEL,20000.0
2025,5,X-tremNet+50 Go_CAMTEL,20000.0
2025,6,X-tremNet+50 Go_CAMTEL,20000.0
2025,7,X-tremNet+50 Go_CAMTEL,20000.0
2025,8,X-tremNet+50 Go_CAMTEL,20000.0
