date,offre,modele,prevision,borne_basse,borne_haute
2025-08-27,Blue One S,"SARIMA (2,1,2)(1,1,1)7",53.4,18.0,88.8
2025-08-28,Blue One S,"SARIMA (2,1,2)(1,1,1)7",47.9,12.5,83.3
2025-08-29,Blue One S,"SARIMA (2,1,2)(1,1,1)7",48.3,12.9,83.7
2025-08-30,Blue One S,"SARIMA (2,1,2)(1,1,1)7",47.5,12.1,82.9
2025-08-31,Blue One S,"SARIMA (2,1,2)(1,1,1)7",38.9,3.5,74.2
2025-09-01,Blue One S,"SARIMA (2,1,2)(1,1,1)7",53.8,18.4,89.1
2025-09-02,Blue One S,"SARIMA (2,1,2)(1,1,1)7",48.9,13.5,84.3
2025-09-03,Blue One S,"SARIMA (2,1,2)(1,1,1)7",52.9,17.6,88.3
2025-09-04,Blue One S,"SARIMA (2,1,2)(1,1,1)7",49.7,14.3,85.0
2025-09-05,Blue One S,"SARIMA (2,1,2)(1,1,1)7",49.7,14.3,85.1
2025-09-06,Blue One S,"SARIMA (2,1,2)(1,1,1)7",47.1,11.7,82.4
2025-09-07,Blue One S,"SARIMA (2,1,2)(1,1,1)7",39.4,4.1,74.8
2025-09-08,Blue One S,"SARIMA (2,1,2)(1,1,1)7",54.5,19.1,89.9
2025-09-09,Blue One S,"SARIMA (2,1,2)(1,1,1)7",49.9,14.5,85.3
2025-09-10,Blue One S,"SARIMA (2,1,2)(1,1,1)7",52.7,17.3,88.1
2025-09-11,Blue One S,"SARIMA (2,1,2)(1,1,1)7",49.7,14.3,85.1
2025-09-12,Blue One S,"SARIMA (2,1,2)(1,1,1)7",49.7,14.3,85.1
2025-09-13,Blue One S,"SARIMA (2,1,2)(1,1,1)7",46.8,11.4,82.2
2025-09-14,Blue One S,"SARIMA (2,1,2)(1,1,1)7",39.3,3.9,74.7
2025-09-15,Blue One S,"SARIMA (2,1,2)(1,1,1)7",54.4,19.0,89.8
2025-09-16,Blue One S,"SARIMA (2,1,2)(1,1,1)7",49.8,14.4,85.2
2025-09-17,Blue One S,"SARIMA (2,1,2)(1,1,1)7",52.4,17.1,87.8
2025-09-18,Blue One S,"SARIMA (2,1,2)(1,1,1)7",49.5,14.1,84.8
2025-09-19,Blue One S,"SARIMA (2,1,2)(1,1,1)7",49.4,14.1,84.8
2025-09-20,Blue One S,"SARIMA (2,1,2)(1,1,1)7",46.5,11.1,81.9
2025-09-21,Blue One S,"SARIMA (2,1,2)(1,1,1)7",39.1,3.7,74.4
2025-09-22,Blue One S,"SARIMA (2,1,2)(1,1,1)7",54.1,18.8,89.5
2025-09-23,Blue One S,"SARIMA (2,1,2)(1,1,1)7",49.5,14.2,84.9
2025-09-24,Blue One S,"SARIMA (2,1,2)(1,1,1)7",52.2,16.8,87.6
2025-09-25,Blue One S,"SARIMA (2,1,2)(1,1,1)7",49.2,13.8,84.6
2025-09-26,Blue One S,"SARIMA (2,1,2)(1,1,1)7",49.2,13.8,84.6
2025-09-27,Blue One S,"SARIMA (2,1,2)(1,1,1)7",46.3,10.9,81.7
2025-09-28,Blue One S,"SARIMA (2,1,2)(1,1,1)7",38.8,3.4,74.2
2025-09-29,Blue One S,"SARIMA (2,1,2)(1,1,1)7",53.9,18.5,89.3
2025-09-30,Blue One S,"SARIMA (2,1,2)(1,1,1)7",49.3,13.9,84.7
2025-10-01,Blue One S,"SARIMA (2,1,2)(1,1,1)7",51.9,16.5,87.3
2025-10-02,Blue One S,"SARIMA (2,1,2)(1,1,1)7",48.9,13.6,84.3
2025-10-03,Blue One S,"SARIMA (2,1,2)(1,1,1)7",48.9,13.6,84.3
2025-10-04,Blue One S,"SARIMA (2,1,2)(1,1,1)7",46.0,10.6,81.4
2025-10-05,Blue One S,"SARIMA (2,1,2)(1,1,1)7",38.5,3.2,73.9
2025-10-06,Blue One S,"SARIMA (2,1,2)(1,1,1)7",53.6,18.2,89.0
2025-10-07,Blue One S,"SARIMA (2,1,2)(1,1,1)7",49.0,13.6,84.4
2025-10-08,Blue One S,"SARIMA (2,1,2)(1,1,1)7",51.7,16.3,87.1
2025-10-09,Blue One S,"SARIMA (2,1,2)(1,1,1)7",48.7,13.3,84.1
2025-10-10,Blue One S,"SARIMA (2,1,2)(1,1,1)7",48.7,13.3,84.1
2025-10-11,Blue One S,"SARIMA (2,1,2)(1,1,1)7",45.8,10.4,81.1
2025-10-12,Blue One S,"SARIMA (2,1,2)(1,1,1)7",38.3,2.9,73.7
2025-10-13,Blue One S,"SARIMA (2,1,2)(1,1,1)7",53.4,18.0,88.8
2025-10-14,Blue One S,"SARIMA (2,1,2)(1,1,1)7",48.8,13.4,84.2
2025-10-15,Blue One S,"SARIMA (2,1,2)(1,1,1)7",51.4,16.0,86.8
2025-10-16,Blue One S,"SARIMA (2,1,2)(1,1,1)7",48.4,13.0,83.8
2025-10-17,Blue One S,"SARIMA (2,1,2)(1,1,1)7",48.4,13.0,83.8
2025-10-18,Blue One S,"SARIMA (2,1,2)(1,1,1)7",45.5,10.1,80.9
2025-10-19,Blue One S,"SARIMA (2,1,2)(1,1,1)7",38.0,2.6,73.4
2025-10-20,Blue One S,"SARIMA (2,1,2)(1,1,1)7",53.1,17.7,88.5
2025-10-21,Blue One S,"SARIMA (2,1,2)(1,1,1)7",48.5,13.1,83.9
2025-10-22,Blue One S,"SARIMA (2,1,2)(1,1,1)7",51.2,15.8,86.5
2025-10-23,Blue One S,"SARIMA (2,1,2)(1,1,1)7",48.2,12.8,83.6
2025-10-24,Blue One S,"SARIMA (2,1,2)(1,1,1)7",48.2,12.8,83.5
2025-10-25,Blue One S,"SARIMA (2,1,2)(1,1,1)7",45.2,9.9,80.6
2025-10-26,Blue One S,"SARIMA (2,1,2)(1,1,1)7",37.8,2.4,73.2
2025-10-27,Blue One S,"SARIMA (2,1,2)(1,1,1)7",52.9,17.5,88.2
2025-10-28,Blue One S,"SARIMA (2,1,2)(1,1,1)7",48.3,12.9,83.6
2025-10-29,Blue One S,"SARIMA (2,1,2)(1,1,1)7",50.9,15.5,86.3
2025-10-30,Blue One S,"SARIMA (2,1,2)(1,1,1)7",47.9,12.5,83.3
2025-10-31,Blue One S,"SARIMA (2,1,2)(1,1,1)7",47.9,12.5,83.3
2025-11-01,Blue One S,"SARIMA (2,1,2)(1,1,1)7",45.0,9.6,80.4
2025-11-02,Blue One S,"SARIMA (2,1,2)(1,1,1)7",37.5,2.1,72.9
2025-11-03,Blue One S,"SARIMA (2,1,2)(1,1,1)7",52.6,17.2,88.0
2025-11-04,Blue One S,"SARIMA (2,1,2)(1,1,1)7",48.0,12.6,83.4
2025-11-05,Blue One S,"SARIMA (2,1,2)(1,1,1)7",50.6,15.2,86.0
2025-11-06,Blue One S,"SARIMA (2,1,2)(1,1,1)7",47.7,12.3,83.0
2025-11-07,Blue One S,"SARIMA (2,1,2)(1,1,1)7",47.6,12.3,83.0
2025-11-08,Blue One S,"SARIMA (2,1,2)(1,1,1)7",44.7,9.3,80.1
2025-11-09,Blue One S,"SARIMA (2,1,2)(1,1,1)7",37.2,1.9,72.6
2025-11-10,Blue One S,"SARIMA (2,1,2)(1,1,1)7",52.3,17.0,87.7
2025-11-11,Blue One S,"SARIMA (2,1,2)(1,1,1)7",47.7,12.3,83.1
2025-11-12,Blue One S,"SARIMA (2,1,2)(1,1,1)7",50.4,15.0,85.8
2025-11-13,Blue One S,"SARIMA (2,1,2)(1,1,1)7",47.4,12.0,82.8
2025-11-14,Blue One S,"SARIMA (2,1,2)(1,1,1)7",47.4,12.0,82.8
2025-11-15,Blue One S,"SARIMA (2,1,2)(1,1,1)7",44.5,9.1,79.8
2025-11-16,Blue One S,"SARIMA (2,1,2)(1,1,1)7",37.0,1.6,72.4
2025-11-17,Blue One S,"SARIMA (2,1,2)(1,1,1)7",52.1,16.7,87.5
2025-11-18,Blue One S,"SARIMA (2,1,2)(1,1,1)7",47.5,12.1,82.9
2025-11-19,Blue One S,"SARIMA (2,1,2)(1,1,1)7",50.1,14.7,85.5
2025-11-20,Blue One S,"SARIMA (2,1,2)(1,1,1)7",47.1,11.8,82.5
2025-11-21,Blue One S,"SARIMA (2,1,2)(1,1,1)7",47.1,11.7,82.5
2025-11-22,Blue One S,"SARIMA (2,1,2)(1,1,1)7",44.2,8.8,79.6
2025-11-23,Blue One S,"SARIMA (2,1,2)(1,1,1)7",36.7,1.3,72.1
2025-11-24,Blue One S,"SARIMA (2,1,2)(1,1,1)7",51.8,16.4,87.2
2025-08-27,Blue One M,XGBoost (retards + calendrier),8663.4,7451.3,9875.5
2025-08-28,Blue One M,XGBoost (retards + calendrier),8348.9,7136.7,9561.0
2025-08-29,Blue One M,XGBoost (retards + calendrier),7801.1,6589.0,9013.2
2025-08-30,Blue One M,XGBoost (retards + calendrier),7314.1,6102.0,8526.2
2025-08-31,Blue One M,XGBoost (retards + calendrier),5850.6,4638.5,7062.7
2025-09-01,Blue One M,XGBoost (retards + calendrier),8447.3,7235.2,9659.4
2025-09-02,Blue One M,XGBoost (retards + calendrier),8524.1,7312.0,9736.2
2025-09-03,Blue One M,XGBoost (retards + calendrier),8479.8,7267.7,9692.0
2025-09-04,Blue One M,XGBoost (retards + calendrier),8324.7,7112.6,9536.9
2025-09-05,Blue One M,XGBoost (retards + calendrier),7887.0,6674.9,9099.1
2025-09-06,Blue One M,XGBoost (retards + calendrier),6912.7,5700.5,8124.8
2025-09-07,Blue One M,XGBoost (retards + calendrier),5561.8,4349.7,6773.9
2025-09-08,Blue One M,XGBoost (retards + calendrier),8030.3,6818.2,9242.4
2025-09-09,Blue One M,XGBoost (retards + calendrier),7373.7,6161.6,8585.8
2025-09-10,Blue One M,XGBoost (retards + calendrier),6990.7,5778.5,8202.8
2025-09-11,Blue One M,XGBoost (retards + calendrier),7004.6,5792.5,8216.7
2025-09-12,Blue One M,XGBoost (retards + calendrier),6406.8,5194.6,7618.9
2025-09-13,Blue One M,XGBoost (retards + calendrier),5986.5,4774.4,7198.6
2025-09-14,Blue One M,XGBoost (retards + calendrier),5032.8,3820.7,6244.9
2025-09-15,Blue One M,XGBoost (retards + calendrier),7703.4,6491.3,8915.5
2025-09-16,Blue One M,XGBoost (retards + calendrier),6563.0,5350.9,7775.1
2025-09-17,Blue One M,XGBoost (retards + calendrier),6538.8,5326.6,7750.9
2025-09-18,Blue One M,XGBoost (retards + calendrier),6355.0,5142.8,7567.1
2025-09-19,Blue One M,XGBoost (retards + calendrier),6041.8,4829.7,7253.9
2025-09-20,Blue One M,XGBoost (retards + calendrier),6102.1,4889.9,7314.2
2025-09-21,Blue One M,XGBoost (retards + calendrier),5486.4,4274.3,6698.5
2025-09-22,Blue One M,XGBoost (retards + calendrier),7169.1,5957.0,8381.2
2025-09-23,Blue One M,XGBoost (retards + calendrier),6605.8,5393.7,7817.9
2025-09-24,Blue One M,XGBoost (retards + calendrier),6798.6,5586.5,8010.7
2025-09-25,Blue One M,XGBoost (retards + calendrier),6976.9,5764.8,8189.0
2025-09-26,Blue One M,XGBoost (retards + calendrier),7602.7,6390.6,8814.8
2025-09-27,Blue One M,XGBoost (retards + calendrier),6709.5,5497.4,7921.6
2025-09-28,Blue One M,XGBoost (retards + calendrier),5843.2,4631.1,7055.4
2025-09-29,Blue One M,XGBoost (retards + calendrier),7800.2,6588.1,9012.3
2025-09-30,Blue One M,XGBoost (retards + calendrier),8110.4,6898.3,9322.5
2025-10-01,Blue One M,XGBoost (retards + calendrier),7756.7,6544.6,8968.8
2025-10-02,Blue One M,XGBoost (retards + calendrier),7706.5,6494.4,8918.6
2025-10-03,Blue One M,XGBoost (retards + calendrier),7468.4,6256.2,8680.5
2025-10-04,Blue One M,XGBoost (retards + calendrier),6571.3,5359.2,7783.5
2025-10-05,Blue One M,XGBoost (retards + calendrier),5668.1,4456.0,6880.3
2025-10-06,Blue One M,XGBoost (retards + calendrier),7999.5,6787.4,9211.6
2025-10-07,Blue One M,XGBoost (retards + calendrier),7535.8,6323.7,8748.0
2025-10-08,Blue One M,XGBoost (retards + calendrier),7273.2,6061.1,8485.3
2025-10-09,Blue One M,XGBoost (retards + calendrier),6718.8,5506.7,7930.9
2025-10-10,Blue One M,XGBoost (retards + calendrier),6473.4,5261.3,7685.5
2025-10-11,Blue One M,XGBoost (retards + calendrier),5965.5,4753.4,7177.6
2025-10-12,Blue One M,XGBoost (retards + calendrier),5306.1,4093.9,6518.2
2025-10-13,Blue One M,XGBoost (retards + calendrier),7100.0,5887.9,8312.2
2025-10-14,Blue One M,XGBoost (retards + calendrier),6748.8,5536.7,7961.0
2025-10-15,Blue One M,XGBoost (retards + calendrier),6600.4,5388.3,7812.6
2025-10-16,Blue One M,XGBoost (retards + calendrier),6559.4,5347.3,7771.6
2025-10-17,Blue One M,XGBoost (retards + calendrier),6539.6,5327.5,7751.7
2025-10-18,Blue One M,XGBoost (retards + calendrier),6025.5,4813.4,7237.7
2025-10-19,Blue One M,XGBoost (retards + calendrier),5577.3,4365.2,6789.4
2025-10-20,Blue One M,XGBoost (retards + calendrier),6618.6,5406.5,7830.7
2025-10-21,Blue One M,XGBoost (retards + calendrier),6615.2,5403.0,7827.3
2025-10-22,Blue One M,XGBoost (retards + calendrier),6834.5,5622.3,8046.6
2025-10-23,Blue One M,XGBoost (retards + calendrier),6562.7,5350.6,7774.8
2025-10-24,Blue One M,XGBoost (retards + calendrier),6568.0,5355.9,7780.1
2025-10-25,Blue One M,XGBoost (retards + calendrier),6189.7,4977.6,7401.8
2025-10-26,Blue One M,XGBoost (retards + calendrier),5672.1,4460.0,6884.2
2025-10-27,Blue One M,XGBoost (retards + calendrier),8025.2,6813.1,9237.4
2025-10-28,Blue One M,XGBoost (retards + calendrier),7830.7,6618.6,9042.8
2025-10-29,Blue One M,XGBoost (retards + calendrier),7903.3,6691.2,9115.4
2025-10-30,Blue One M,XGBoost (retards + calendrier),7632.0,6419.9,8844.1
2025-10-31,Blue One M,XGBoost (retards + calendrier),7538.4,6326.3,8750.5
2025-11-01,Blue One M,XGBoost (retards + calendrier),6532.1,5320.0,7744.2
2025-11-02,Blue One M,XGBoost (retards + calendrier),5921.0,4708.9,7133.1
2025-11-03,Blue One M,XGBoost (retards + calendrier),8159.4,6947.2,9371.5
2025-11-04,Blue One M,XGBoost (retards + calendrier),7654.2,6442.1,8866.3
2025-11-05,Blue One M,XGBoost (retards + calendrier),7558.9,6346.8,8771.0
2025-11-06,Blue One M,XGBoost (retards + calendrier),7260.0,6047.9,8472.2
2025-11-07,Blue One M,XGBoost (retards + calendrier),7140.9,5928.8,8353.0
2025-11-08,Blue One M,XGBoost (retards + calendrier),6192.4,4980.2,7404.5
2025-11-09,Blue One M,XGBoost (retards + calendrier),5013.4,3801.3,6225.6
2025-11-10,Blue One M,XGBoost (retards + calendrier),6994.3,5782.1,8206.4
2025-11-11,Blue One M,XGBoost (retards + calendrier),6607.4,5395.3,7819.5
2025-11-12,Blue One M,XGBoost (retards + calendrier),6652.7,5440.5,7864.8
2025-11-13,Blue One M,XGBoost (retards + calendrier),6644.9,5432.8,7857.1
2025-11-14,Blue One M,XGBoost (retards + calendrier),6559.8,5347.7,7771.9
2025-11-15,Blue One M,XGBoost (retards + calendrier),6077.3,4865.2,7289.4
2025-11-16,Blue One M,XGBoost (retards + calendrier),5510.0,4297.9,6722.1
2025-11-17,Blue One M,XGBoost (retards + calendrier),6602.2,5390.1,7814.3
2025-11-18,Blue One M,XGBoost (retards + calendrier),6647.4,5435.3,7859.5
2025-11-19,Blue One M,XGBoost (retards + calendrier),6822.3,5610.2,8034.4
2025-11-20,Blue One M,XGBoost (retards + calendrier),6586.3,5374.2,7798.4
2025-11-21,Blue One M,XGBoost (retards + calendrier),6467.6,5255.4,7679.7
2025-11-22,Blue One M,XGBoost (retards + calendrier),5825.1,4613.0,7037.3
2025-11-23,Blue One M,XGBoost (retards + calendrier),5789.8,4577.7,7002.0
2025-11-24,Blue One M,XGBoost (retards + calendrier),6819.8,5607.7,8031.9
2025-08-27,Blue One L,XGBoost (retards + calendrier),649.2,538.8,759.6
2025-08-28,Blue One L,XGBoost (retards + calendrier),640.5,530.0,750.9
2025-08-29,Blue One L,XGBoost (retards + calendrier),620.3,509.8,730.7
2025-08-30,Blue One L,XGBoost (retards + calendrier),517.6,407.2,628.1
2025-08-31,Blue One L,XGBoost (retards + calendrier),385.6,275.2,496.1
2025-09-01,Blue One L,XGBoost (retards + calendrier),709.9,599.4,820.3
2025-09-02,Blue One L,XGBoost (retards + calendrier),670.4,560.0,780.9
2025-09-03,Blue One L,XGBoost (retards + calendrier),647.7,537.2,758.1
2025-09-04,Blue One L,XGBoost (retards + calendrier),577.7,467.3,688.2
2025-09-05,Blue One L,XGBoost (retards + calendrier),613.4,502.9,723.8
2025-09-06,Blue One L,XGBoost (retards + calendrier),499.8,389.4,610.2
2025-09-07,Blue One L,XGBoost (retards + calendrier),360.2,249.8,470.7
2025-09-08,Blue One L,XGBoost (retards + calendrier),599.3,488.9,709.8
2025-09-09,Blue One L,XGBoost (retards + calendrier),540.5,430.1,651.0
2025-09-10,Blue One L,XGBoost (retards + calendrier),538.3,427.9,648.8
2025-09-11,Blue One L,XGBoost (retards + calendrier),505.8,395.4,616.3
2025-09-12,Blue One L,XGBoost (retards + calendrier),460.2,349.7,570.6
2025-09-13,Blue One L,XGBoost (retards + calendrier),412.7,302.3,523.2
2025-09-14,Blue One L,XGBoost (retards + calendrier),382.3,271.9,492.7
2025-09-15,Blue One L,XGBoost (retards + calendrier),536.8,426.3,647.2
2025-09-16,Blue One L,XGBoost (retards + calendrier),492.0,381.5,602.4
2025-09-17,Blue One L,XGBoost (retards + calendrier),507.8,397.4,618.3
2025-09-18,Blue One L,XGBoost (retards + calendrier),502.1,391.6,612.5
2025-09-19,Blue One L,XGBoost (retards + calendrier),482.8,372.4,593.3
2025-09-20,Blue One L,XGBoost (retards + calendrier),434.2,323.8,544.7
2025-09-21,Blue One L,XGBoost (retards + calendrier),378.6,268.2,489.1
2025-09-22,Blue One L,XGBoost (retards + calendrier),529.1,418.6,639.5
2025-09-23,Blue One L,XGBoost (retards + calendrier),535.8,425.4,646.3
2025-09-24,Blue One L,XGBoost (retards + calendrier),543.4,432.9,653.8
2025-09-25,Blue One L,XGBoost (retards + calendrier),567.3,456.9,677.8
2025-09-26,Blue One L,XGBoost (retards + calendrier),604.4,494.0,714.9
2025-09-27,Blue One L,XGBoost (retards + calendrier),518.2,407.7,628.6
2025-09-28,Blue One L,XGBoost (retards + calendrier),400.2,289.7,510.6
2025-09-29,Blue One L,XGBoost (retards + calendrier),714.5,604.0,824.9
2025-09-30,Blue One L,XGBoost (retards + calendrier),661.6,551.2,772.0
2025-10-01,Blue One L,XGBoost (retards + calendrier),646.8,536.3,757.2
2025-10-02,Blue One L,XGBoost (retards + calendrier),631.7,521.2,742.1
2025-10-03,Blue One L,XGBoost (retards + calendrier),641.1,530.7,751.6
2025-10-04,Blue One L,XGBoost (retards + calendrier),511.1,400.6,621.5
2025-10-05,Blue One L,XGBoost (retards + calendrier),371.5,261.0,481.9
2025-10-06,Blue One L,XGBoost (retards + calendrier),660.6,550.1,771.0
2025-10-07,Blue One L,XGBoost (retards + calendrier),559.9,449.4,670.3
2025-10-08,Blue One L,XGBoost (retards + calendrier),546.6,436.2,657.1
2025-10-09,Blue One L,XGBoost (retards + calendrier),542.1,431.7,652.5
2025-10-10,Blue One L,XGBoost (retards + calendrier),506.5,396.0,616.9
2025-10-11,Blue One L,XGBoost (retards + calendrier),414.3,303.9,524.8
2025-10-12,Blue One L,XGBoost (retards + calendrier),331.7,221.2,442.1
2025-10-13,Blue One L,XGBoost (retards + calendrier),548.3,437.9,658.7
2025-10-14,Blue One L,XGBoost (retards + calendrier),500.3,389.8,610.7
2025-10-15,Blue One L,XGBoost (retards + calendrier),484.6,374.2,595.1
2025-10-16,Blue One L,XGBoost (retards + calendrier),502.4,392.0,612.8
2025-10-17,Blue One L,XGBoost (retards + calendrier),489.2,378.8,599.7
2025-10-18,Blue One L,XGBoost (retards + calendrier),442.5,332.0,552.9
2025-10-19,Blue One L,XGBoost (retards + calendrier),398.4,288.0,508.8
2025-10-20,Blue One L,XGBoost (retards + calendrier),534.3,423.8,644.7
2025-10-21,Blue One L,XGBoost (retards + calendrier),499.0,388.5,609.4
2025-10-22,Blue One L,XGBoost (retards + calendrier),475.5,365.0,585.9
2025-10-23,Blue One L,XGBoost (retards + calendrier),472.7,362.3,583.2
2025-10-24,Blue One L,XGBoost (retards + calendrier),496.4,385.9,606.8
2025-10-25,Blue One L,XGBoost (retards + calendrier),436.9,326.5,547.4
2025-10-26,Blue One L,XGBoost (retards + calendrier),376.8,266.3,487.2
2025-10-27,Blue One L,XGBoost (retards + calendrier),673.3,562.9,783.7
2025-10-28,Blue One L,XGBoost (retards + calendrier),650.7,540.2,761.1
2025-10-29,Blue One L,XGBoost (retards + calendrier),635.1,524.6,745.5
2025-10-30,Blue One L,XGBoost (retards + calendrier),614.1,503.7,724.6
2025-10-31,Blue One L,XGBoost (retards + calendrier),624.5,514.0,734.9
2025-11-01,Blue One L,XGBoost (retards + calendrier),532.8,422.4,643.3
2025-11-02,Blue One L,XGBoost (retards + calendrier),383.9,273.5,494.4
2025-11-03,Blue One L,XGBoost (retards + calendrier),714.0,603.5,824.4
2025-11-04,Blue One L,XGBoost (retards + calendrier),630.0,519.6,740.4
2025-11-05,Blue One L,XGBoost (retards + calendrier),603.5,493.1,714.0
2025-11-06,Blue One L,XGBoost (retards + calendrier),561.6,451.1,672.0
2025-11-07,Blue One L,XGBoost (retards + calendrier),538.1,427.7,648.5
2025-11-08,Blue One L,XGBoost (retards + calendrier),439.0,328.6,549.5
2025-11-09,Blue One L,XGBoost (retards + calendrier),348.3,237.9,458.8
2025-11-10,Blue One L,XGBoost (retards + calendrier),581.9,471.5,692.4
2025-11-11,Blue One L,XGBoost (retards + calendrier),537.7,427.2,648.1
2025-11-12,Blue One L,XGBoost (retards + calendrier),513.0,402.6,623.5
2025-11-13,Blue One L,XGBoost (retards + calendrier),480.0,369.5,590.4
2025-11-14,Blue One L,XGBoost (retards + calendrier),476.5,366.1,586.9
2025-11-15,Blue One L,XGBoost (retards + calendrier),420.6,310.2,531.1
2025-11-16,Blue One L,XGBoost (retards + calendrier),400.8,290.3,511.2
2025-11-17,Blue One L,XGBoost (retards + calendrier),527.5,417.1,638.0
2025-11-18,Blue One L,XGBoost (retards + calendrier),513.7,403.2,624.1
2025-11-19,Blue One L,XGBoost (retards + calendrier),495.3,384.9,605.8
2025-11-20,Blue One L,XGBoost (retards + calendrier),450.0,339.6,560.5
2025-11-21,Blue One L,XGBoost (retards + calendrier),464.1,353.7,574.6
2025-11-22,Blue One L,XGBoost (retards + calendrier),415.4,305.0,525.9
2025-11-23,Blue One L,XGBoost (retards + calendrier),350.1,239.7,460.5
2025-11-24,Blue One L,XGBoost (retards + calendrier),604.7,494.3,715.2
