scenario,alpha,mois,forfait,taux_depart_mensuel,base_debut,activations_prevues,entrees,departs_attendus,base_fin,variation_%,revenu_a_risque_fcfa,revenu_base_fcfa
prudent (p*=2%),0.0226,2025-09,Blue One S,0.006,1331,1468,33,8,1357,1.9,15886,2662667
prudent (p*=2%),0.0226,2025-09,Blue One M,0.0232,231113,209370,4733,5357,230490,-0.27,16069772,693339000
prudent (p*=2%),0.0226,2025-09,Blue One L,0.0309,15402,15927,360,475,15286,-0.75,2376197,77008333
prudent (p*=2%),0.0226,2025-10,Blue One S,0.006,1357,1484,34,8,1382,1.88,16187,2713140
prudent (p*=2%),0.0226,2025-10,Blue One M,0.0232,230490,211585,4783,5342,229931,-0.24,16026423,691468693
prudent (p*=2%),0.0226,2025-10,Blue One L,0.0309,15286,16219,367,472,15181,-0.69,2358427,76432419
central (p*=5%),0.0526,2025-09,Blue One S,0.0149,1331,1468,77,20,1389,4.31,39715,2662667
central (p*=5%),0.0526,2025-09,Blue One M,0.0579,231113,209370,11014,13391,228736,-1.03,40174430,693339000
central (p*=5%),0.0526,2025-09,Blue One L,0.0771,15402,15927,838,1188,15051,-2.27,5940493,77008333
central (p*=5%),0.0526,2025-10,Blue One S,0.0149,1389,1484,78,21,1446,4.13,41426,2777373
central (p*=5%),0.0526,2025-10,Blue One M,0.0579,228736,211585,11131,13254,226613,-0.93,39761195,686207308
central (p*=5%),0.0526,2025-10,Blue One L,0.0771,15051,16219,853,1161,14744,-2.05,5805407,75257174
haut (p*=10%),0.1026,2025-09,Blue One S,0.0298,1331,1468,151,40,1442,8.33,79431,2662667
haut (p*=10%),0.1026,2025-09,Blue One M,0.1159,231113,209370,21483,26783,225813,-2.29,80348860,693339000
haut (p*=10%),0.1026,2025-09,Blue One L,0.1543,15402,15927,1634,2376,14660,-4.82,11880986,77008333
haut (p*=10%),0.1026,2025-10,Blue One S,0.0298,1442,1484,152,43,1551,7.57,86046,2884427
haut (p*=10%),0.1026,2025-10,Blue One M,0.1159,225813,211585,21710,26169,221354,-1.97,78506182,677438333
haut (p*=10%),0.1026,2025-10,Blue One L,0.1543,14660,16219,1664,2262,14062,-4.08,11308616,73298431
echantillon brut (non recale),0.2296,2025-09,Blue One S,0.0677,1331,1468,337,90,1578,18.54,180300,2662667
echantillon brut (non recale),0.2296,2025-09,Blue One M,0.2631,231113,209370,48070,60794,218389,-5.51,182383301,693339000
echantillon brut (non recale),0.2296,2025-09,Blue One L,0.3502,15402,15927,3657,5394,13665,-11.28,26968565,77008333
echantillon brut (non recale),0.2296,2025-10,Blue One S,0.0677,1578,1484,341,107,1812,14.82,213727,3156323
echantillon brut (non recale),0.2296,2025-10,Blue One M,0.2631,218389,211585,48579,57447,209521,-4.06,172342134,655167016
echantillon brut (non recale),0.2296,2025-10,Blue One L,0.3502,13665,16219,3724,4785,12603,-7.77,23927159,68323643
