mois,forfait,alpha,base_debut,activations_prevues,entrees,departs_attendus,base_fin,variation_%,revenu_a_risque_fcfa,revenu_base_fcfa
2025-08,Blue One S,0.02,1429,236,5,97,1337,-6.44,193481,2857333
2025-08,Blue One M,0.02,216894,37978,760,57054,160600,-25.95,171162610,650683000
2025-08,Blue One L,0.02,14954,2813,56,5237,9774,-34.64,26185277,74771667
2025-09,Blue One S,0.02,1337,1468,29,91,1275,-4.58,181019,2673292
2025-09,Blue One M,0.02,160600,209370,4187,42246,122541,-23.7,126737578,481799076
2025-09,Blue One L,0.02,9774,15927,319,3423,6669,-31.76,17113628,48867710
2025-10,Blue One S,0.02,1275,1484,30,86,1219,-4.44,172737,2550981
2025-10,Blue One M,0.02,122541,211585,4232,32235,94538,-22.85,96703662,367623680
2025-10,Blue One L,0.02,6669,16219,324,2336,4658,-30.16,11678150,33346781
2025-08,Blue One S,0.05,1429,236,12,97,1344,-5.95,193481,2857333
2025-08,Blue One M,0.05,216894,37978,1899,57054,161739,-25.43,171162610,650683000
2025-08,Blue One L,0.05,14954,2813,141,5237,9858,-34.08,26185277,74771667
2025-09,Blue One S,0.05,1344,1468,73,91,1326,-1.31,181978,2687452
2025-09,Blue One M,0.05,161739,209370,10468,42546,129662,-19.83,127636693,485217105
2025-09,Blue One L,0.05,9858,15927,796,3452,7202,-26.94,17261407,49289690
2025-10,Blue One S,0.05,1326,1484,74,90,1311,-1.18,179594,2652244
2025-10,Blue One M,0.05,129662,211585,10579,34108,106134,-18.15,102323000,388985867
2025-10,Blue One L,0.05,7202,16219,811,2522,5491,-23.76,12610829,36010032
2025-08,Blue One S,0.1,1429,236,24,97,1356,-5.12,193481,2857333
2025-08,Blue One M,0.1,216894,37978,3798,57054,163638,-24.55,171162610,650683000
2025-08,Blue One L,0.1,14954,2813,281,5237,9999,-33.14,26185277,74771667
2025-09,Blue One S,0.1,1356,1468,147,92,1411,4.06,183576,2711052
2025-09,Blue One M,0.1,163638,209370,20937,43045,141530,-13.51,129135218,490913820
2025-09,Blue One L,0.1,9999,15927,1593,3502,8090,-19.09,17507705,49992990
2025-10,Blue One S,0.1,1411,1484,148,96,1463,3.75,191022,2821016
2025-10,Blue One M,0.1,141530,211585,21158,37230,125459,-11.36,111688563,424589512
2025-10,Blue One L,0.1,8090,16219,1622,2833,6879,-14.97,14165294,40448784
2025-08,Blue One S,0.25,1429,236,59,97,1391,-2.64,193481,2857333
2025-08,Blue One M,0.25,216894,37978,9495,57054,169335,-21.93,171162610,650683000
2025-08,Blue One L,0.25,14954,2813,703,5237,10421,-30.32,26185277,74771667
2025-09,Blue One S,0.25,1391,1468,367,94,1664,19.61,188370,2781852
2025-09,Blue One M,0.25,169335,209370,52342,44544,177133,4.61,133630792,508003965
2025-09,Blue One L,0.25,10421,15927,3982,3649,10753,3.19,18246599,52102890
2025-10,Blue One S,0.25,1664,1484,371,113,1922,15.53,225307,3327332
2025-10,Blue One M,0.25,177133,211585,52896,46595,183435,3.56,139785253,531400447
2025-10,Blue One L,0.25,10753,16219,4055,3766,11042,2.69,18828689,53765041
2025-08,Blue One S,1.0,1429,236,236,97,1568,9.75,193481,2857333
2025-08,Blue One M,1.0,216894,37978,37978,57054,197818,-8.8,171162610,650683000
2025-08,Blue One L,1.0,14954,2813,2813,5237,12530,-16.21,26185277,74771667
2025-09,Blue One S,1.0,1568,1468,1468,106,2929,86.84,212341,3135852
2025-09,Blue One M,1.0,197818,209370,209370,52036,355152,79.53,156108664,593454690
2025-09,Blue One L,1.0,12530,15927,15927,4388,24069,92.09,21941067,62652390
2025-10,Blue One S,1.0,2929,1484,1484,198,4215,43.89,396730,5858911
2025-10,Blue One M,1.0,355152,211585,211585,93423,473314,33.27,280268703,1065455125
2025-10,Blue One L,1.0,24069,16219,16219,8429,31859,32.36,42145667,120346322
