date,Blue One S,Blue One M,Blue One L
2023-10-01,55.0,5540.0,269.0
2023-10-02,91.0,9529.0,525.0
2023-10-03,81.0,8534.0,470.0
2023-10-04,75.0,8318.0,480.0
2023-10-05,74.0,8569.0,437.0
2023-10-06,62.0,7403.0,443.0
2023-10-07,58.0,6831.0,354.0
2023-10-08,47.0,7615.0,432.0
2023-10-09,85.0,8948.0,525.0
2023-10-10,94.0,8095.0,432.0
2023-10-11,83.0,8245.0,465.0
2023-10-12,69.0,7086.0,403.0
2023-10-13,75.0,6779.0,367.0
2023-10-14,79.0,7615.0,344.0
2023-10-15,52.0,5207.0,232.0
2023-10-16,79.0,8559.0,457.0
2023-10-17,75.0,7754.0,439.0
2023-10-18,84.0,7785.0,484.0
2023-10-19,72.0,7163.0,408.0
2023-10-20,76.0,6728.0,417.0
2023-10-21,69.0,6230.0,439.0
2023-10-22,59.0,4749.0,439.0
2023-10-23,84.0,7488.0,449.0
2023-10-24,68.0,6867.0,447.0
2023-10-25,71.0,7559.0,478.0
2023-10-26,87.0,8116.0,471.0
2023-10-27,74.0,8283.0,461.0
2023-10-28,73.0,7544.0,393.0
2023-10-29,63.0,5321.0,461.0
2023-10-30,69.0,8924.0,536.0
2023-10-31,75.0,8124.0,466.0
2023-11-01,85.0,8717.0,493.0
2023-11-02,61.0,8225.0,490.0
2023-11-03,67.0,7892.0,475.0
2023-11-04,65.0,7500.0,372.0
2023-11-05,52.0,7850.0,455.0
2023-11-06,69.0,8991.0,521.0
2023-11-07,67.0,7415.0,455.0
2023-11-08,83.0,7850.0,426.0
2023-11-09,72.0,7978.0,455.0
2023-11-10,72.0,7703.0,473.0
2023-11-11,78.0,6787.0,347.0
2023-11-12,59.0,7415.0,426.0
2023-11-13,58.0,8049.0,462.0
2023-11-14,53.0,7582.0,452.0
2023-11-15,65.0,7831.0,443.0
2023-11-16,62.0,7189.0,408.0
2023-11-17,62.0,6940.0,380.0
2023-11-18,65.0,6233.0,405.0
2023-11-19,56.0,4945.0,405.0
2023-11-20,70.0,7600.0,462.0
2023-11-21,90.0,7139.0,382.0
2023-11-22,81.0,6936.0,409.0
2023-11-23,65.0,6447.0,435.0
2023-11-24,68.0,6749.0,402.0
2023-11-25,71.0,6779.0,396.0
2023-11-26,66.0,6220.0,281.0
2023-11-27,71.0,7416.0,624.0
2023-11-28,71.0,7816.0,522.0
2023-11-29,75.0,7800.0,505.0
2023-11-30,77.0,7742.0,514.0
2023-12-01,73.0,7953.0,451.0
2023-12-02,56.0,7416.0,416.0
2023-12-03,70.0,5964.0,315.0
2023-12-04,79.0,9194.0,548.0
2023-12-05,86.0,8749.0,503.0
2023-12-06,80.0,8009.0,465.0
2023-12-07,78.0,7405.0,451.0
2023-12-08,67.0,7552.0,447.0
2023-12-09,62.0,6854.0,382.0
2023-12-10,74.0,5437.0,281.0
2023-12-11,77.0,8204.0,485.0
2023-12-12,62.0,7283.0,465.0
2023-12-13,81.0,7093.0,420.0
2023-12-14,82.0,6849.0,411.0
2023-12-15,78.0,7045.0,400.0
2023-12-16,80.0,6377.0,335.0
2023-12-17,65.0,6891.0,244.0
2023-12-18,80.0,7738.0,454.0
2023-12-19,89.0,6954.0,406.0
2023-12-20,75.0,6789.0,456.0
2023-12-21,83.0,6891.0,411.0
2023-12-22,98.0,7349.0,428.0
2023-12-23,67.0,6528.0,412.0
2023-12-24,69.0,5734.0,304.0
2023-12-25,65.0,4517.0,267.0
2023-12-26,89.0,7766.0,471.0
2023-12-27,87.0,8674.0,517.0
2023-12-28,85.0,8012.0,479.0
2023-12-29,75.0,7890.0,516.0
2023-12-30,78.0,7219.0,415.0
2023-12-31,54.0,6506.0,315.0
2024-01-01,47.0,4427.0,223.0
2024-01-02,67.0,8477.0,518.0
2024-01-03,88.0,9958.0,595.0
2024-01-04,63.0,9080.0,590.0
2024-01-05,68.0,8902.0,528.0
2024-01-06,64.0,7471.0,451.0
2024-01-07,56.0,5289.0,248.0
2024-01-08,75.0,9151.0,559.0
2024-01-09,61.0,7911.0,465.0
2024-01-10,96.0,8073.0,523.0
2024-01-11,69.0,7356.0,442.0
2024-01-12,76.0,7684.0,493.0
2024-01-13,62.0,6655.0,368.0
2024-01-14,46.0,6780.0,377.0
2024-01-15,69.0,7278.0,367.0
2024-01-16,68.0,6579.0,399.0
2024-01-17,60.0,6780.0,407.0
2024-01-18,52.0,6851.0,377.0
2024-01-19,68.0,6482.0,376.0
2024-01-20,74.0,6260.0,355.0
2024-01-21,52.0,4915.0,248.0
2024-01-22,71.0,7718.0,478.0
2024-01-23,75.0,6793.0,405.0
2024-01-24,65.0,6673.0,450.0
2024-01-25,68.0,7530.0,451.0
2024-01-26,74.0,7874.0,521.0
2024-01-27,67.0,7058.0,383.0
2024-01-28,68.0,5347.0,294.0
2024-01-29,64.0,8642.0,526.0
2024-01-30,69.0,8220.0,538.0
2024-01-31,69.0,7258.0,426.0
2024-02-01,89.0,7999.0,493.0
2024-02-02,69.0,8435.0,509.0
2024-02-03,66.0,7577.0,440.0
2024-02-04,45.0,5964.0,308.0
2024-02-05,83.0,9566.0,477.0
2024-02-06,61.0,8309.0,477.0
2024-02-07,69.0,8214.0,505.0
2024-02-08,55.0,7851.0,495.0
2024-02-09,64.0,7754.0,470.0
2024-02-10,69.0,6747.0,329.0
2024-02-11,57.0,5684.0,272.0
2024-02-12,76.0,7534.0,397.0
2024-02-13,70.0,7616.0,506.0
2024-02-14,79.0,7485.0,440.0
2024-02-15,60.0,6891.0,417.0
2024-02-16,55.0,7350.0,406.0
2024-02-17,52.0,6544.0,338.0
2024-02-18,50.0,6891.0,406.0
2024-02-19,71.0,8018.0,445.0
2024-02-20,76.0,7100.0,417.0
2024-02-21,70.0,6889.0,417.0
2024-02-22,61.0,6338.0,397.0
2024-02-23,72.0,6563.0,462.0
2024-02-24,57.0,6935.0,399.0
2024-02-25,62.0,5513.0,298.0
2024-02-26,83.0,8894.0,526.0
2024-02-27,59.0,8306.0,529.0
2024-02-28,54.0,8156.0,524.0
2024-02-29,52.0,7676.0,539.0
2024-03-01,62.0,8266.0,492.0
2024-03-02,65.0,7370.0,431.0
2024-03-03,55.0,6209.0,315.0
2024-03-04,61.0,9458.0,608.0
2024-03-05,76.0,8790.0,568.0
2024-03-06,74.0,8353.0,515.0
2024-03-07,66.0,8551.0,479.0
2024-03-08,64.0,7368.0,398.0
2024-03-09,64.0,7069.0,430.0
2024-03-10,64.0,5829.0,294.0
2024-03-11,68.0,8528.0,521.0
2024-03-12,69.0,7512.0,517.0
2024-03-13,67.0,7238.0,417.0
2024-03-14,67.0,6720.0,487.0
2024-03-15,67.0,6040.0,403.0
2024-03-16,70.0,5235.0,312.0
2024-03-17,59.0,3972.0,204.0
2024-03-18,71.0,7605.0,444.0
2024-03-19,52.0,6747.0,434.0
2024-03-20,70.0,6672.0,390.0
2024-03-21,71.0,6765.0,454.0
2024-03-22,75.0,5849.0,364.0
2024-03-23,61.0,5713.0,311.0
2024-03-24,56.0,4406.0,247.0
2024-03-25,61.0,7311.0,466.0
2024-03-26,63.0,7297.0,492.0
2024-03-27,61.0,7143.0,463.0
2024-03-28,63.0,7519.0,520.0
2024-03-29,64.0,6936.0,381.0
2024-03-30,63.0,6466.0,386.0
2024-03-31,62.0,4890.0,466.0
2024-04-01,69.0,8614.0,557.0
2024-04-02,66.0,8026.0,521.0
2024-04-03,58.0,8088.0,487.0
2024-04-04,62.0,7419.0,488.0
2024-04-05,59.0,7529.0,481.0
2024-04-06,64.0,6789.0,374.0
2024-04-07,62.0,5336.0,286.0
2024-04-08,70.0,8157.0,495.0
2024-04-09,54.0,6989.0,424.0
2024-04-10,64.0,6535.0,339.0
2024-04-11,54.0,6874.0,455.0
2024-04-12,49.0,6624.0,402.0
2024-04-13,65.0,6019.0,337.0
2024-04-14,62.0,6257.0,211.0
2024-04-15,69.0,6481.0,433.0
2024-04-16,59.0,6191.0,357.0
2024-04-17,63.0,6481.0,444.0
2024-04-18,69.0,6257.0,385.0
2024-04-19,54.0,6187.0,387.0
2024-04-20,62.0,5946.0,337.0
2024-04-21,59.0,6332.0,194.0
2024-04-22,71.0,6573.0,409.0
2024-04-23,63.0,6371.0,453.0
2024-04-24,60.0,6332.0,370.0
2024-04-25,50.0,7275.0,421.0
2024-04-26,78.0,7262.0,511.0
2024-04-27,73.0,6682.0,412.0
2024-04-28,43.0,4916.0,267.0
2024-04-29,69.0,8624.0,562.0
2024-04-30,63.0,7575.0,429.0
2024-05-01,52.0,5866.0,310.0
2024-05-02,78.0,8136.0,562.0
2024-05-03,76.0,8035.0,515.0
2024-05-04,62.0,6999.0,409.0
2024-05-05,56.0,5470.0,284.0
2024-05-06,64.0,8845.0,554.0
2024-05-07,64.0,7277.0,446.0
2024-05-08,68.0,7440.0,480.0
2024-05-09,67.0,6483.0,389.0
2024-05-10,76.0,7228.0,452.0
2024-05-11,62.0,6065.0,353.0
2024-05-12,54.0,5111.0,242.0
2024-05-13,57.0,5803.0,396.0
2024-05-14,39.0,5373.0,330.0
2024-05-15,74.0,7547.0,494.0
2024-05-16,83.0,6870.0,424.0
2024-05-17,63.0,6374.0,403.0
2024-05-18,48.0,5763.0,349.0
2024-05-19,61.0,5056.0,241.0
2024-05-20,52.0,4741.0,258.0
2024-05-21,70.0,7814.0,503.0
2024-05-22,60.0,6858.0,437.0
2024-05-23,79.0,6290.0,395.0
2024-05-24,80.0,6379.0,430.0
2024-05-25,66.0,6364.0,374.0
2024-05-26,68.0,5692.0,314.0
2024-05-27,78.0,8509.0,562.0
2024-05-28,71.0,7080.0,442.0
2024-05-29,76.0,7520.0,474.0
2024-05-30,72.0,7040.0,453.0
2024-05-31,69.0,7294.0,400.0
2024-06-01,60.0,6790.0,407.0
2024-06-02,47.0,5788.0,291.0
2024-06-03,91.0,9081.0,611.0
2024-06-04,65.0,7715.0,517.0
2024-06-05,69.0,7655.0,548.0
2024-06-06,76.0,7649.0,539.0
2024-06-07,75.0,7416.0,498.0
2024-06-08,68.0,6542.0,364.0
2024-06-09,56.0,5333.0,285.0
2024-06-10,79.0,7674.0,474.0
2024-06-11,75.0,6947.0,452.0
2024-06-12,58.0,6621.0,429.0
2024-06-13,63.0,5861.0,402.0
2024-06-14,57.0,6328.0,398.0
2024-06-15,56.0,6401.0,370.0
2024-06-16,51.0,6402.0,395.0
2024-06-17,74.0,6402.0,359.0
2024-06-18,63.0,6954.0,497.0
2024-06-19,57.0,6731.0,401.0
2024-06-20,50.0,6719.0,372.0
2024-06-21,50.0,6490.0,395.0
2024-06-22,54.0,5830.0,335.0
2024-06-23,44.0,6719.0,240.0
2024-06-24,67.0,7215.0,497.0
2024-06-25,50.0,7797.0,513.0
2024-06-26,47.0,7474.0,452.0
2024-06-27,47.0,7474.0,452.0
2024-06-28,49.0,7467.0,456.0
2024-06-29,50.0,6561.0,421.0
2024-06-30,33.0,5528.0,294.0
2024-07-01,51.0,8704.0,587.0
2024-07-02,53.0,8088.0,510.0
2024-07-03,56.0,8698.0,599.0
2024-07-04,52.0,7430.0,525.0
2024-07-05,41.0,7319.0,502.0
2024-07-06,56.0,6783.0,432.0
2024-07-07,42.0,5388.0,281.0
2024-07-08,67.0,8152.0,527.0
2024-07-09,54.0,7117.0,472.0
2024-07-10,57.0,7261.0,448.0
2024-07-11,53.0,6149.0,391.0
2024-07-12,46.0,6929.0,448.0
2024-07-13,39.0,5646.0,350.0
2024-07-14,37.0,4747.0,246.0
2024-07-15,51.0,7201.0,465.0
2024-07-16,55.0,6661.0,444.0
2024-07-17,54.0,6178.0,391.0
2024-07-18,54.0,6093.0,447.0
2024-07-19,67.0,5961.0,402.0
2024-07-20,50.0,6008.0,341.0
2024-07-21,44.0,4772.0,434.0
2024-07-22,43.0,7099.0,449.0
2024-07-23,53.0,6364.0,422.0
2024-07-24,61.0,6284.0,459.0
2024-07-25,46.0,7027.0,453.0
2024-07-26,53.0,7270.0,479.0
2024-07-27,50.0,6544.0,434.0
2024-07-28,39.0,5347.0,453.0
2024-07-29,52.0,8545.0,585.0
2024-07-30,53.0,7815.0,511.0
2024-07-31,64.0,8343.0,576.0
2024-08-01,58.0,8650.0,575.0
2024-08-02,58.0,8794.0,543.0
2024-08-03,60.0,7422.0,423.0
2024-08-04,49.0,6052.0,337.0
2024-08-05,64.0,8835.0,543.0
2024-08-06,49.0,7978.0,538.0
2024-08-07,56.0,8081.0,516.0
2024-08-08,46.0,7726.0,466.0
2024-08-09,51.0,7557.0,497.0
2024-08-10,51.0,6297.0,339.0
2024-08-11,48.0,7340.0,472.0
2024-08-12,61.0,7927.0,488.0
2024-08-13,55.0,7340.0,472.0
2024-08-14,48.0,7623.0,493.0
2024-08-15,44.0,6047.0,470.0
2024-08-16,63.0,7172.0,481.0
2024-08-17,45.0,6086.0,386.0
2024-08-18,47.0,4622.0,470.0
2024-08-19,49.0,7514.0,475.0
2024-08-20,58.0,6911.0,470.0
2024-08-21,57.0,7183.0,497.0
2024-08-22,42.0,6472.0,414.0
2024-08-23,56.0,6632.0,472.0
2024-08-24,54.0,6367.0,422.0
2024-08-25,50.0,5386.0,475.0
2024-08-26,66.0,9182.0,556.0
2024-08-27,62.0,7761.0,499.0
2024-08-28,76.0,8286.0,585.0
2024-08-29,66.0,7635.0,545.0
2024-08-30,62.0,7565.0,557.0
2024-08-31,54.0,7899.0,511.0
2024-09-01,59.0,6552.0,545.0
2024-09-02,76.0,10472.0,550.0
2024-09-03,49.0,8657.0,558.0
2024-09-04,57.0,8515.0,568.0
2024-09-05,60.0,8096.0,550.0
2024-09-06,54.0,7943.0,525.0
2024-09-07,58.0,7501.0,467.0
2024-09-08,44.0,5867.0,470.0
2024-09-09,69.0,8486.0,571.0
2024-09-10,66.0,7730.0,463.0
2024-09-11,71.0,7524.0,476.0
2024-09-12,44.0,7491.0,463.0
2024-09-13,56.0,7491.0,470.0
2024-09-14,56.0,6791.0,425.0
2024-09-15,44.0,5562.0,286.0
2024-09-16,69.0,8475.0,531.0
2024-09-17,62.0,7025.0,436.0
2024-09-18,58.0,6842.0,451.0
2024-09-19,40.0,6472.0,379.0
2024-09-20,49.0,6947.0,454.0
2024-09-21,60.0,6413.0,412.0
2024-09-22,37.0,5039.0,454.0
2024-09-23,76.0,7851.0,528.0
2024-09-24,58.0,7268.0,490.0
2024-09-25,70.0,8022.0,562.0
2024-09-26,60.0,8548.0,577.0
2024-09-27,70.0,8670.0,524.0
2024-09-28,56.0,7974.0,506.0
2024-09-29,37.0,6344.0,348.0
2024-09-30,55.0,10323.0,681.0
2024-10-01,59.0,9082.0,630.0
2024-10-02,71.0,9960.0,654.0
2024-10-03,45.0,8702.0,562.0
2024-10-04,47.0,8969.0,606.0
2024-10-05,62.0,8683.0,548.0
2024-10-06,46.0,6757.0,350.0
2024-10-07,69.0,9383.0,605.0
2024-10-08,55.0,8596.0,531.0
2024-10-09,66.0,9188.0,590.0
2024-10-10,58.0,8453.0,542.0
2024-10-11,51.0,7666.0,467.0
2024-10-12,48.0,6650.0,427.0
2024-10-13,33.0,5626.0,310.0
2024-10-14,55.0,8736.0,541.0
2024-10-15,41.0,7563.0,482.0
2024-10-16,48.0,8218.0,556.0
2024-10-17,54.0,7550.0,453.0
2024-10-18,32.0,7296.0,467.0
2024-10-19,49.0,6026.0,375.0
2024-10-20,46.0,5385.0,274.0
2024-10-21,70.0,8738.0,542.0
2024-10-22,42.0,7221.0,449.0
2024-10-23,57.0,7306.0,507.0
2024-10-24,52.0,7049.0,473.0
2024-10-25,69.0,8339.0,619.0
2024-10-26,58.0,7693.0,464.0
2024-10-27,49.0,5944.0,310.0
2024-10-28,71.0,9712.0,673.0
2024-10-29,56.0,8709.0,560.0
2024-10-30,53.0,9046.0,670.0
2024-10-31,64.0,9005.0,640.0
2024-11-01,62.0,9159.0,636.0
2024-11-02,60.0,7903.0,491.0
2024-11-03,46.0,6320.0,347.0
2024-11-04,60.0,9829.0,655.0
2024-11-05,60.0,9614.0,659.0
2024-11-06,69.0,8626.0,535.0
2024-11-07,51.0,8459.0,525.0
2024-11-08,36.0,7912.0,521.0
2024-11-09,58.0,6840.0,414.0
2024-11-10,31.0,5207.0,291.0
2024-11-11,48.0,8713.0,533.0
2024-11-12,58.0,8714.0,554.0
2024-11-13,62.0,8083.0,501.0
2024-11-14,58.0,7471.0,492.0
2024-11-15,54.0,7591.0,476.0
2024-11-16,46.0,6760.0,391.0
2024-11-17,42.0,5677.0,477.0
2024-11-18,57.0,8317.0,510.0
2024-11-19,45.0,7346.0,477.0
2024-11-20,39.0,7370.0,481.0
2024-11-21,49.0,7027.0,457.0
2024-11-22,50.0,7165.0,477.0
2024-11-23,50.0,6529.0,404.0
2024-11-24,44.0,5319.0,272.0
2024-11-25,55.0,8936.0,597.0
2024-11-26,51.0,8435.0,580.0
2024-11-27,57.0,8476.0,571.0
2024-11-28,49.0,8301.0,517.0
2024-11-29,46.0,8499.0,677.0
2024-11-30,46.0,7518.0,472.0
2024-12-01,40.0,6292.0,383.0
2024-12-02,51.0,9879.0,713.0
2024-12-03,61.0,9045.0,643.0
2024-12-04,38.0,9236.0,613.0
2024-12-05,46.0,8777.0,548.0
2024-12-06,51.0,8719.0,555.0
2024-12-07,50.0,7372.0,454.0
2024-12-08,32.0,6045.0,312.0
2024-12-09,55.0,9168.0,576.0
2024-12-10,39.0,8185.0,523.0
2024-12-11,36.0,8110.0,526.0
2024-12-12,35.0,7542.0,482.0
2024-12-13,52.0,7698.0,443.0
2024-12-14,54.0,6679.0,365.0
2024-12-15,43.0,5773.0,468.0
2024-12-16,59.0,8350.0,535.0
2024-12-17,55.0,7413.0,476.0
2024-12-18,49.0,7356.0,465.0
2024-12-19,49.0,7242.0,499.0
2024-12-20,45.0,7528.0,468.0
2024-12-21,44.0,6889.0,446.0
2024-12-22,42.0,5779.0,319.0
2024-12-23,43.0,8466.0,543.0
2024-12-24,53.0,7585.0,530.0
2024-12-25,41.0,7528.0,288.0
2024-12-26,56.0,8039.0,529.0
2024-12-27,51.0,8966.0,533.0
2024-12-28,49.0,7608.0,472.0
2024-12-29,42.0,5954.0,325.0
2024-12-30,49.0,8866.0,611.0
2024-12-31,57.0,8358.0,559.0
2025-01-01,42.0,4805.0,533.0
2025-01-02,39.0,8623.0,580.0
2025-01-03,61.0,9833.0,674.0
2025-01-04,34.0,8543.0,517.0
2025-01-05,36.0,6722.0,365.0
2025-01-06,60.0,10568.0,723.0
2025-01-07,39.0,9370.0,554.0
2025-01-08,48.0,8730.0,550.0
2025-01-09,55.0,8293.0,529.0
2025-01-10,47.0,8390.0,543.0
2025-01-11,33.0,7401.0,453.0
2025-01-12,36.0,6068.0,494.0
2025-01-13,55.0,9061.0,550.0
2025-01-14,38.0,8372.0,551.0
2025-01-15,46.0,8091.0,494.0
2025-01-16,54.0,7654.0,488.0
2025-01-17,45.0,7448.0,482.0
2025-01-18,30.0,6537.0,388.0
2025-01-19,38.0,7448.0,485.0
2025-01-20,47.0,8136.0,528.0
2025-01-21,55.0,7450.0,527.0
2025-01-22,55.0,7695.0,488.0
2025-01-23,56.0,7001.0,462.0
2025-01-24,46.0,6865.0,415.0
2025-01-25,51.0,7238.0,485.0
2025-01-26,32.0,5969.0,504.0
2025-01-27,47.0,9513.0,647.0
2025-01-28,51.0,8825.0,576.0
2025-01-29,51.0,8827.0,578.0
2025-01-30,43.0,8644.0,563.0
2025-01-31,50.0,8229.0,566.0
2025-02-01,43.0,7902.0,504.0
2025-02-02,40.0,6749.0,400.0
2025-02-03,53.0,10449.0,675.0
2025-02-04,55.0,9183.0,632.0
2025-02-05,52.0,8858.0,593.0
2025-02-06,42.0,8951.0,589.0
2025-02-07,51.0,8385.0,494.0
2025-02-08,51.0,7879.0,464.0
2025-02-09,48.0,6147.0,300.0
2025-02-10,46.0,9015.0,501.0
2025-02-11,44.0,7093.0,383.0
2025-02-12,39.0,9099.0,604.0
2025-02-13,56.0,8001.0,538.0
2025-02-14,54.0,8069.0,470.0
2025-02-15,41.0,7003.0,403.0
2025-02-16,43.0,5685.0,295.0
2025-02-17,50.0,8630.0,524.0
2025-02-18,44.0,7822.0,511.0
2025-02-19,50.0,7372.0,522.0
2025-02-20,43.0,6967.0,454.0
2025-02-21,46.0,7179.0,467.0
2025-02-22,59.0,6358.0,383.0
2025-02-23,28.0,5079.0,522.0
2025-02-24,39.0,8087.0,548.0
2025-02-25,42.0,8726.0,603.0
2025-02-26,58.0,8283.0,561.0
2025-02-27,52.0,8993.0,603.0
2025-02-28,46.0,9410.0,649.0
2025-03-01,32.0,8179.0,530.0
2025-03-02,32.0,6690.0,348.0
2025-03-03,60.0,10736.0,786.0
2025-03-04,47.0,9405.0,669.0
2025-03-05,47.0,9378.0,658.0
2025-03-06,51.0,9348.0,627.0
2025-03-07,46.0,9400.0,620.0
2025-03-08,38.0,7857.0,447.0
2025-03-09,41.0,6031.0,311.0
2025-03-10,52.0,10257.0,653.0
2025-03-11,44.0,8467.0,553.0
2025-03-12,62.0,8717.0,545.0
2025-03-13,64.0,7941.0,563.0
2025-03-14,58.0,8315.0,516.0
2025-03-15,41.0,7275.0,402.0
2025-03-16,43.0,6022.0,291.0
2025-03-17,57.0,8911.0,558.0
2025-03-18,34.0,8196.0,486.0
2025-03-19,62.0,7803.0,515.0
2025-03-20,50.0,6919.0,475.0
2025-03-21,49.0,6750.0,465.0
2025-03-22,53.0,6789.0,409.0
2025-03-23,38.0,5471.0,303.0
2025-03-24,47.0,8312.0,528.0
2025-03-25,46.0,8212.0,541.0
2025-03-26,42.0,8197.0,562.0
2025-03-27,39.0,8340.0,537.0
2025-03-28,53.0,8571.0,606.0
2025-03-29,41.0,7766.0,462.0
2025-03-30,48.0,6892.0,379.0
2025-03-31,44.0,8533.0,498.0
2025-04-01,57.0,9965.0,638.0
2025-04-02,49.0,9495.0,705.0
2025-04-03,49.0,9564.0,622.0
2025-04-04,58.0,9546.0,687.0
2025-04-05,42.0,8558.0,546.0
2025-04-06,38.0,6843.0,386.0
2025-04-07,55.0,10047.0,614.0
2025-04-08,50.0,9180.0,569.0
2025-04-09,42.0,9016.0,556.0
2025-04-10,38.0,8160.0,498.0
2025-04-11,59.0,8475.0,516.0
2025-04-12,34.0,7387.0,435.0
2025-04-13,43.0,5969.0,327.0
2025-04-14,63.0,9416.0,560.0
2025-04-15,44.0,8409.0,535.0
2025-04-16,42.0,7535.0,473.0
2025-04-17,47.0,7647.0,495.0
2025-04-18,43.0,7339.0,409.0
2025-04-19,31.0,6672.0,368.0
2025-04-20,31.0,5078.0,276.0
2025-04-21,54.0,8288.0,489.0
2025-04-22,43.0,7793.0,525.0
2025-04-23,43.0,7403.0,489.0
2025-04-24,45.0,6807.0,474.0
2025-04-25,38.0,8193.0,541.0
2025-04-26,31.0,6594.0,419.0
2025-04-27,31.0,6983.0,349.0
2025-04-28,54.0,10124.0,666.0
2025-04-29,54.0,8994.0,613.0
2025-04-30,59.0,9029.0,603.0
2025-05-01,49.0,7601.0,456.0
2025-05-02,55.0,9937.0,693.0
2025-05-03,46.0,8781.0,580.0
2025-05-04,42.0,7085.0,408.0
2025-05-05,46.0,10601.0,717.0
2025-05-06,44.0,9703.0,662.0
2025-05-07,46.0,9108.0,576.0
2025-05-08,45.0,8766.0,586.0
2025-05-09,34.0,8878.0,510.0
2025-05-10,42.0,8008.0,472.0
2025-05-11,36.0,6253.0,352.0
2025-05-12,48.0,9414.0,570.0
2025-05-13,44.0,8206.0,483.0
2025-05-14,32.0,4292.0,268.0
2025-05-15,43.0,9212.0,520.0
2025-05-16,14.0,2156.0,132.0
2025-05-17,39.0,1772.0,97.0
2025-05-18,38.0,8861.0,484.0
2025-05-19,82.0,10257.0,595.0
2025-05-20,37.0,5198.0,282.0
2025-05-21,39.0,7422.0,470.0
2025-05-22,38.0,5979.0,399.0
2025-05-23,22.0,4654.0,319.0
2025-05-24,43.0,5501.0,370.0
2025-05-25,4.0,258.0,15.0
2025-05-26,71.0,11912.0,735.0
2025-05-27,42.0,11737.0,777.0
2025-05-28,54.0,9651.0,633.0
2025-05-29,43.0,7715.0,464.0
2025-05-30,32.0,9031.0,616.0
2025-05-31,42.0,7705.0,477.0
2025-06-01,27.0,6571.0,369.0
2025-06-02,49.0,10037.0,690.0
2025-06-03,43.0,9255.0,648.0
2025-06-04,50.0,9337.0,614.0
2025-06-05,53.0,8872.0,595.0
2025-06-06,42.0,7868.0,479.0
2025-06-07,44.0,8058.0,495.0
2025-06-08,32.0,6497.0,333.0
2025-06-09,51.0,9892.0,623.0
2025-06-10,46.0,8939.0,611.0
2025-06-11,42.0,8659.0,551.0
2025-06-12,47.0,8102.0,539.0
2025-06-13,40.0,7257.0,437.0
2025-06-14,38.0,6998.0,369.0
2025-06-15,33.0,4761.0,223.0
2025-06-16,41.0,6193.0,418.0
2025-06-17,42.0,7913.0,543.0
2025-06-18,59.0,8011.0,569.0
2025-06-19,46.0,7525.0,458.0
2025-06-20,48.0,6737.0,436.0
2025-06-21,38.0,5918.0,327.0
2025-06-22,26.0,4542.0,259.0
2025-06-23,33.0,6733.0,459.0
2025-06-24,37.0,5575.0,406.0
2025-06-25,44.0,7365.0,542.0
2025-06-26,46.0,8300.0,613.0
2025-06-27,47.0,9277.0,645.0
2025-06-28,46.0,8273.0,519.0
2025-06-29,35.0,6397.0,382.0
2025-06-30,46.0,9665.0,683.0
2025-07-01,31.0,7863.0,587.0
2025-07-02,60.0,8924.0,676.0
2025-07-03,26.0,8536.0,637.0
2025-07-04,32.0,8572.0,621.0
2025-07-05,36.0,7399.0,498.0
2025-07-06,42.0,6378.0,393.0
2025-07-07,38.0,9414.0,696.0
2025-07-08,39.0,8370.0,594.0
2025-07-09,28.0,8025.0,549.0
2025-07-10,37.0,8031.0,560.0
2025-07-11,36.0,7357.0,509.0
2025-07-12,35.0,6653.0,390.0
2025-07-13,30.0,5352.0,298.0
2025-07-14,31.0,8306.0,551.0
2025-07-15,33.0,6861.0,465.0
2025-07-16,39.0,6267.0,479.0
2025-07-17,40.0,6894.0,485.0
2025-07-18,36.0,7363.0,547.0
2025-07-19,27.0,6486.0,445.0
2025-07-20,33.0,4924.0,485.0
2025-07-21,48.0,7386.0,486.0
2025-07-22,36.0,6638.0,509.0
2025-07-23,62.0,6583.0,506.0
2025-07-24,70.0,5640.0,415.0
2025-07-25,70.0,7115.0,577.0
2025-07-26,70.0,7210.0,543.0
2025-07-27,67.0,6766.0,412.0
2025-07-28,70.0,7386.0,782.0
2025-07-29,81.0,8578.0,658.0
2025-07-30,73.0,8795.0,658.0
2025-07-31,75.0,8086.0,641.0
2025-08-01,73.0,8159.0,601.0
2025-08-02,53.0,7468.0,489.0
2025-08-03,57.0,6186.0,353.0
2025-08-04,76.0,9555.0,768.0
2025-08-05,79.0,8776.0,668.0
2025-08-06,67.0,8946.0,651.0
2025-08-07,66.0,8129.0,544.0
2025-08-08,72.0,8118.0,586.0
2025-08-09,58.0,7285.0,452.0
2025-08-10,64.0,5728.0,380.0
2025-08-11,83.0,8907.0,580.0
2025-08-12,80.0,7797.0,541.0
2025-08-13,57.0,7137.0,514.0
2025-08-14,74.0,7451.0,481.0
2025-08-15,57.0,6121.0,412.0
2025-08-16,57.0,6460.0,432.0
2025-08-17,38.0,6995.0,481.0
2025-08-18,80.0,9522.0,490.0
2025-08-19,68.0,7146.0,519.0
2025-08-20,71.0,6995.0,490.0
2025-08-21,41.0,6511.0,521.0
2025-08-22,40.0,4521.0,383.0
2025-08-23,52.0,7741.0,472.0
2025-08-24,34.0,4909.0,311.0
2025-08-25,47.0,8393.0,633.0
2025-08-26,40.0,8042.0,624.0
